"state23","st_code","dist23","di_code","st_di23","GeoName","GEOID"
"GUJARAT","24","MORBI","673","GUJARAT, MORBI","GUJARAT, MORBI","x24673"
"GUJARAT","24","AHMADABAD","438","GUJARAT, AHMADABAD","GUJARAT, AHMADABAD","x24438"
"GUJARAT","24","ANAND","440","GUJARAT, ANAND","GUJARAT, ANAND","x24440"
"GUJARAT","24","DEVBHUMI DWARKA","674","GUJARAT, DEVBHUMI DWARKA","GUJARAT, DEVBHUMI DWARKA","x24674"
"GUJARAT","24","JAMNAGAR","447","GUJARAT, JAMNAGAR","GUJARAT, JAMNAGAR","x24447"
"GUJARAT","24","KACHCHH","449","GUJARAT, KACHCHH","GUJARAT, KACHCHH","x24449"
"GUJARAT","24","BHAVNAGAR","443","GUJARAT, BHAVNAGAR","GUJARAT, BHAVNAGAR","x24443"
"GUJARAT","24","BHARUCH","442","GUJARAT, BHARUCH","GUJARAT, BHARUCH","x24442"
"GUJARAT","24","SURAT","459","GUJARAT, SURAT","GUJARAT, SURAT","x24459"
"GUJARAT","24","NAVSARI","453","GUJARAT, NAVSARI","GUJARAT, NAVSARI","x24453"
"GUJARAT","24","VALSAD","462","GUJARAT, VALSAD","GUJARAT, VALSAD","x24462"
"MADHYA PRADESH","23","AGAR MALWA","667","MADHYA PRADESH, AGAR MALWA","MADHYA PRADESH, AGAR MALWA","x23667"
"UTTAR PRADESH","09","AGRA","118","UTTAR PRADESH, AGRA","UTTAR PRADESH, AGRA","x09118"
"RAJASTHAN","08","AJMER","086","RAJASTHAN, AJMER","RAJASTHAN, AJMER","x08086"
"KERALA","32","ALAPPUZHA","554","KERALA, ALAPPUZHA","KERALA, ALAPPUZHA","x32554"
"UTTAR PRADESH","09","ALIGARH","119","UTTAR PRADESH, ALIGARH","UTTAR PRADESH, ALIGARH","x09119"
"MADHYA PRADESH","23","ALIRAJPUR","639","MADHYA PRADESH, ALIRAJPUR","MADHYA PRADESH, ALIRAJPUR","x23639"
"UTTARAKHAND","05","ALMORA","045","UTTARAKHAND, ALMORA","UTTARAKHAND, ALMORA","x05045"
"RAJASTHAN","08","ALWAR","087","RAJASTHAN, ALWAR","RAJASTHAN, ALWAR","x08087"
"UTTAR PRADESH","09","AMBEDKARNAGAR","121","UTTAR PRADESH, AMBEDKARNAGAR","UTTAR PRADESH, AMBEDKARNAGAR","x09121"
"UTTAR PRADESH","09","AMETHI","640","UTTAR PRADESH, AMETHI","UTTAR PRADESH, AMETHI","x09640"
"UTTAR PRADESH","09","AMROHA","154","UTTAR PRADESH, AMROHA","UTTAR PRADESH, AMROHA","x09154"
"ANDHRA PRADESH","28","ANANTAPUR","502","ANDHRA PRADESH, ANANTAPUR","ANDHRA PRADESH, ANANTAPUR","x28502"
"ODISHA","21","ANUGUL","344","ODISHA, ANUGUL","ODISHA, ANUGUL","x21344"
"MADHYA PRADESH","23","ANUPPUR","390","MADHYA PRADESH, ANUPPUR","MADHYA PRADESH, ANUPPUR","x23390"
"GUJARAT","24","ARAVALLI","672","GUJARAT, ARAVALLI","GUJARAT, ARAVALLI","x24672"
"MADHYA PRADESH","23","ASHOKNAGAR","391","MADHYA PRADESH, ASHOKNAGAR","MADHYA PRADESH, ASHOKNAGAR","x23391"
"UTTAR PRADESH","09","AURAIYA","122","UTTAR PRADESH, AURAIYA","UTTAR PRADESH, AURAIYA","x09122"
"UTTAR PRADESH","09","AZAMGARH","123","UTTAR PRADESH, AZAMGARH","UTTAR PRADESH, AZAMGARH","x09123"
"UTTAR PRADESH","09","BUDAUN","133","UTTAR PRADESH, BUDAUN","UTTAR PRADESH, BUDAUN","x09133"
"KARNATAKA","29","BAGALKOT","524","KARNATAKA, BAGALKOT","KARNATAKA, BAGALKOT","x29524"
"UTTARAKHAND","05","BAGESHWAR","046","UTTARAKHAND, BAGESHWAR","UTTARAKHAND, BAGESHWAR","x05046"
"UTTAR PRADESH","09","BAGHPAT","124","UTTAR PRADESH, BAGHPAT","UTTAR PRADESH, BAGHPAT","x09124"
"UTTAR PRADESH","09","BAHRAICH","125","UTTAR PRADESH, BAHRAICH","UTTAR PRADESH, BAHRAICH","x09125"
"MADHYA PRADESH","23","BALAGHAT","392","MADHYA PRADESH, BALAGHAT","MADHYA PRADESH, BALAGHAT","x23392"
"ODISHA","21","BOLANGIR (BALANGIR)","345","ODISHA, BOLANGIR (BALANGIR)","ODISHA, BOLANGIR (BALANGIR)","x21345"
"ODISHA","21","BALASORE (BALESHWAR)","346","ODISHA, BALASORE (BALESHWAR)","ODISHA, BALASORE (BALESHWAR)","x21346"
"KARNATAKA","29","BALLARI","528","KARNATAKA, BALLARI","KARNATAKA, BALLARI","x29528"
"UTTAR PRADESH","09","BALLIA","126","UTTAR PRADESH, BALLIA","UTTAR PRADESH, BALLIA","x09126"
"CHHATTISGARH","22","BALOD","646","CHHATTISGARH, BALOD","CHHATTISGARH, BALOD","x22646"
"CHHATTISGARH","22","BALODA BAZAR","644","CHHATTISGARH, BALODA BAZAR","CHHATTISGARH, BALODA BAZAR","x22644"
"CHHATTISGARH","22","BALRAMPUR","649","CHHATTISGARH, BALRAMPUR","CHHATTISGARH, BALRAMPUR","x22649"
"UTTAR PRADESH","09","BALRAMPUR","127","UTTAR PRADESH, BALRAMPUR","UTTAR PRADESH, BALRAMPUR","x09127"
"GUJARAT","24","BANAS KANTHA","441","GUJARAT, BANAS KANTHA","GUJARAT, BANAS KANTHA","x24441"
"UTTAR PRADESH","09","BANDA","128","UTTAR PRADESH, BANDA","UTTAR PRADESH, BANDA","x09128"
"RAJASTHAN","08","BANSWARA","088","RAJASTHAN, BANSWARA","RAJASTHAN, BANSWARA","x08088"
"UTTAR PRADESH","09","BARABANKI","129","UTTAR PRADESH, BARABANKI","UTTAR PRADESH, BARABANKI","x09129"
"ODISHA","21","BARAGARH","347","ODISHA, BARAGARH","ODISHA, BARAGARH","x21347"
"RAJASTHAN","08","BARAN","089","RAJASTHAN, BARAN","RAJASTHAN, BARAN","x08089"
"UTTAR PRADESH","09","BAREILLY","130","UTTAR PRADESH, BAREILLY","UTTAR PRADESH, BAREILLY","x09130"
"RAJASTHAN","08","BARMER","090","RAJASTHAN, BARMER","RAJASTHAN, BARMER","x08090"
"MADHYA PRADESH","23","BARWANI","393","MADHYA PRADESH, BARWANI","MADHYA PRADESH, BARWANI","x23393"
"CHHATTISGARH","22","BASTAR","374","CHHATTISGARH, BASTAR","CHHATTISGARH, BASTAR","x22374"
"UTTAR PRADESH","09","BASTI","131","UTTAR PRADESH, BASTI","UTTAR PRADESH, BASTI","x09131"
"KARNATAKA","29","BELAGAVI","527","KARNATAKA, BELAGAVI","KARNATAKA, BELAGAVI","x29527"
"CHHATTISGARH","22","BEMETARA","650","CHHATTISGARH, BEMETARA","CHHATTISGARH, BEMETARA","x22650"
"KARNATAKA","29","BENGALURU RURAL","526","KARNATAKA, BENGALURU RURAL","KARNATAKA, BENGALURU RURAL","x29526"
"KARNATAKA","29","BENGALURU URBAN","525","KARNATAKA, BENGALURU URBAN","KARNATAKA, BENGALURU URBAN","x29525"
"MADHYA PRADESH","23","BETUL","394","MADHYA PRADESH, BETUL","MADHYA PRADESH, BETUL","x23394"
"UTTAR PRADESH","09","BHADOHI","179","UTTAR PRADESH, BHADOHI","UTTAR PRADESH, BHADOHI","x09179"
"ODISHA","21","BHADRAK","348","ODISHA, BHADRAK","ODISHA, BHADRAK","x21348"
"RAJASTHAN","08","BHARATPUR","091","RAJASTHAN, BHARATPUR","RAJASTHAN, BHARATPUR","x08091"
"RAJASTHAN","08","BHILWARA","092","RAJASTHAN, BHILWARA","RAJASTHAN, BHILWARA","x08092"
"MADHYA PRADESH","23","BHIND","395","MADHYA PRADESH, BHIND","MADHYA PRADESH, BHIND","x23395"
"MADHYA PRADESH","23","BHOPAL","396","MADHYA PRADESH, BHOPAL","MADHYA PRADESH, BHOPAL","x23396"
"KARNATAKA","29","BIDAR","529","KARNATAKA, BIDAR","KARNATAKA, BIDAR","x29529"
"CHHATTISGARH","22","BIJAPUR","636","CHHATTISGARH, BIJAPUR","CHHATTISGARH, BIJAPUR","x22636"
"UTTAR PRADESH","09","BIJNOR","132","UTTAR PRADESH, BIJNOR","UTTAR PRADESH, BIJNOR","x09132"
"RAJASTHAN","08","BIKANER","093","RAJASTHAN, BIKANER","RAJASTHAN, BIKANER","x08093"
"CHHATTISGARH","22","BILASPUR","375","CHHATTISGARH, BILASPUR","CHHATTISGARH, BILASPUR","x22375"
"CHHATTISGARH","22","GAURELA-PENDRA-MARWAHI","734","CHHATTISGARH, GAURELA-PENDRA-MARWAHI","CHHATTISGARH, GAURELA-PENDRA-MARWAHI","x22734"
"HIMACHAL PRADESH","02","BILASPUR","015","HIMACHAL PRADESH, BILASPUR","HIMACHAL PRADESH, BILASPUR","x02015"
"MANIPUR","14","BISHNUPUR","252","MANIPUR, BISHNUPUR","MANIPUR, BISHNUPUR","x14252"
"JHARKHAND","20","BOKARO","322","JHARKHAND, BOKARO","JHARKHAND, BOKARO","x20322"
"UTTAR PRADESH","09","BULANDSHAHR","134","UTTAR PRADESH, BULANDSHAHR","UTTAR PRADESH, BULANDSHAHR","x09134"
"RAJASTHAN","08","BUNDI","094","RAJASTHAN, BUNDI","RAJASTHAN, BUNDI","x08094"
"MADHYA PRADESH","23","BURHANPUR","397","MADHYA PRADESH, BURHANPUR","MADHYA PRADESH, BURHANPUR","x23397"
"DELHI","07","CENTRAL","077","DELHI, CENTRAL","DELHI, CENTRAL","x07077"
"KARNATAKA","29","CHAMARAJANAGAR","531","KARNATAKA, CHAMARAJANAGAR","KARNATAKA, CHAMARAJANAGAR","x29531"
"HIMACHAL PRADESH","02","CHAMBA","016","HIMACHAL PRADESH, CHAMBA","HIMACHAL PRADESH, CHAMBA","x02016"
"UTTARAKHAND","05","CHAMPAWAT","048","UTTARAKHAND, CHAMPAWAT","UTTARAKHAND, CHAMPAWAT","x05048"
"MIZORAM","15","CHAMPHAI","262","MIZORAM, CHAMPHAI","MIZORAM, CHAMPHAI","x15262"
"UTTAR PRADESH","09","CHANDAULI","135","UTTAR PRADESH, CHANDAULI","UTTAR PRADESH, CHANDAULI","x09135"
"MANIPUR","14","CHANDEL","253","MANIPUR, CHANDEL","MANIPUR, CHANDEL","x14253"
"CHANDIGARH","04","CHANDIGARH","044","CHANDIGARH, CHANDIGARH","CHANDIGARH, CHANDIGARH","x04044"
"JHARKHAND","20","CHATRA","323","JHARKHAND, CHATRA","JHARKHAND, CHATRA","x20323"
"MADHYA PRADESH","23","CHHATARPUR","398","MADHYA PRADESH, CHHATARPUR","MADHYA PRADESH, CHHATARPUR","x23398"
"MADHYA PRADESH","23","CHHINDWARA","399","MADHYA PRADESH, CHHINDWARA","MADHYA PRADESH, CHHINDWARA","x23399"
"GUJARAT","24","CHHOTA UDEPUR","668","GUJARAT, CHHOTA UDEPUR","GUJARAT, CHHOTA UDEPUR","x24668"
"KARNATAKA","29","CHIK BALLAPUR","630","KARNATAKA, CHIK BALLAPUR","KARNATAKA, CHIK BALLAPUR","x29630"
"KARNATAKA","29","CHIKKAMAGALURU","532","KARNATAKA, CHIKKAMAGALURU","KARNATAKA, CHIKKAMAGALURU","x29532"
"KARNATAKA","29","CHITRADURGA","533","KARNATAKA, CHITRADURGA","KARNATAKA, CHITRADURGA","x29533"
"UTTAR PRADESH","09","CHITRAKOOT","136","UTTAR PRADESH, CHITRAKOOT","UTTAR PRADESH, CHITRAKOOT","x09136"
"RAJASTHAN","08","CHITTAURGARH","095","RAJASTHAN, CHITTAURGARH","RAJASTHAN, CHITTAURGARH","x08095"
"ANDHRA PRADESH","28","CHITTOOR","503","ANDHRA PRADESH, CHITTOOR","ANDHRA PRADESH, CHITTOOR","x28503"
"MANIPUR","14","CHURACHANDPUR","254","MANIPUR, CHURACHANDPUR","MANIPUR, CHURACHANDPUR","x14254"
"RAJASTHAN","08","CHURU","096","RAJASTHAN, CHURU","RAJASTHAN, CHURU","x08096"
"ANDHRA PRADESH","28","Y S R KADAPA","504","ANDHRA PRADESH, Y S R KADAPA","ANDHRA PRADESH, Y S R KADAPA","x28504"
"ODISHA","21","CUTTACK","350","ODISHA, CUTTACK","ODISHA, CUTTACK","x21350"
"GUJARAT","24","DAHOD","445","GUJARAT, DAHOD","GUJARAT, DAHOD","x24445"
"KARNATAKA","29","DAKSHINA KANNADA","534","KARNATAKA, DAKSHINA  KANNADA","KARNATAKA, DAKSHINA KANNADA","x29534"
"DADRA & NAGAR HAVELI & DAMAN & DIU","38","DAMAN","463","DADRA & NAGAR HAVELI & DAMAN & DIU, DAMAN","DADRA & NAGAR HAVELI & DAMAN & DIU, DAMAN","x38463"
"MADHYA PRADESH","23","DAMOH","400","MADHYA PRADESH, DAMOH","MADHYA PRADESH, DAMOH","x23400"
"GUJARAT","24","DANGS","444","GUJARAT, DANGS","GUJARAT, DANGS","x24444"
"CHHATTISGARH","22","DAKSHIN BASTAR DANTEWADA","376","CHHATTISGARH, DAKSHIN BASTAR DANTEWADA","CHHATTISGARH, DAKSHIN BASTAR DANTEWADA","x22376"
"MADHYA PRADESH","23","DATIA","401","MADHYA PRADESH, DATIA","MADHYA PRADESH, DATIA","x23401"
"RAJASTHAN","08","DAUSA","097","RAJASTHAN, DAUSA","RAJASTHAN, DAUSA","x08097"
"KARNATAKA","29","DAVANGERE","535","KARNATAKA, DAVANGERE","KARNATAKA, DAVANGERE","x29535"
"UTTARAKHAND","05","DEHRADUN","049","UTTARAKHAND, DEHRADUN","UTTARAKHAND, DEHRADUN","x05049"
"ODISHA","21","DEOGARH","351","ODISHA, DEOGARH","ODISHA, DEOGARH","x21351"
"UTTAR PRADESH","09","DEORIA","137","UTTAR PRADESH, DEORIA","UTTAR PRADESH, DEORIA","x09137"
"MADHYA PRADESH","23","DEWAS","402","MADHYA PRADESH, DEWAS","MADHYA PRADESH, DEWAS","x23402"
"TRIPURA","16","DHALAI","269","TRIPURA, DHALAI","TRIPURA, DHALAI","x16269"
"CHHATTISGARH","22","DHAMTARI","377","CHHATTISGARH, DHAMTARI","CHHATTISGARH, DHAMTARI","x22377"
"JHARKHAND","20","DHANBAD","325","JHARKHAND, DHANBAD","JHARKHAND, DHANBAD","x20325"
"MADHYA PRADESH","23","DHAR","403","MADHYA PRADESH, DHAR","MADHYA PRADESH, DHAR","x23403"
"UTTAR PRADESH","09","AYODHYA","140","UTTAR PRADESH, AYODHYA","UTTAR PRADESH, AYODHYA","x09140"
"JHARKHAND","20","DEOGHAR","324","JHARKHAND, DEOGHAR","JHARKHAND, DEOGHAR","x20324"
"KARNATAKA","29","DHARWAD","536","KARNATAKA, DHARWAD","KARNATAKA, DHARWAD","x29536"
"ODISHA","21","DHENKANAL","352","ODISHA, DHENKANAL","ODISHA, DHENKANAL","x21352"
"RAJASTHAN","08","DHAULPUR","098","RAJASTHAN, DHAULPUR","RAJASTHAN, DHAULPUR","x08098"
"MADHYA PRADESH","23","DINDORI","404","MADHYA PRADESH, DINDORI","MADHYA PRADESH, DINDORI","x23404"
"JHARKHAND","20","DUMKA","326","JHARKHAND, DUMKA","JHARKHAND, DUMKA","x20326"
"RAJASTHAN","08","DUNGARPUR","099","RAJASTHAN, DUNGARPUR","RAJASTHAN, DUNGARPUR","x08099"
"CHHATTISGARH","22","DURG","378","CHHATTISGARH, DURG","CHHATTISGARH, DURG","x22378"
"DELHI","07","EAST","078","DELHI, EAST","DELHI, EAST","x07078"
"SIKKIM","11","EAST","225","SIKKIM, EAST","SIKKIM, EAST","x11225"
"MEGHALAYA","17","EAST GARO HILLS","273","MEGHALAYA, EAST GARO HILLS","MEGHALAYA, EAST GARO HILLS","x17273"
"ANDHRA PRADESH","28","EAST GODAVARI","505","ANDHRA PRADESH, EAST GODAVARI","ANDHRA PRADESH, EAST GODAVARI","x28505"
"MEGHALAYA","17","EAST KHASI HILLS","274","MEGHALAYA, EAST KHASI HILLS","MEGHALAYA, EAST KHASI HILLS","x17274"
"MADHYA PRADESH","23","EAST NIMAR","405","MADHYA PRADESH, EAST NIMAR","MADHYA PRADESH, EAST NIMAR","x23405"
"KERALA","32","ERNAKULAM","555","KERALA, ERNAKULAM","KERALA, ERNAKULAM","x32555"
"UTTAR PRADESH","09","ETAH","138","UTTAR PRADESH, ETAH","UTTAR PRADESH, ETAH","x09138"
"UTTAR PRADESH","09","ETAWAH","139","UTTAR PRADESH, ETAWAH","UTTAR PRADESH, ETAWAH","x09139"
"UTTAR PRADESH","09","FARRUKHABAD","141","UTTAR PRADESH, FARRUKHABAD","UTTAR PRADESH, FARRUKHABAD","x09141"
"UTTAR PRADESH","09","FATEHPUR","142","UTTAR PRADESH, FATEHPUR","UTTAR PRADESH, FATEHPUR","x09142"
"UTTAR PRADESH","09","FIROZABAD","143","UTTAR PRADESH, FIROZABAD","UTTAR PRADESH, FIROZABAD","x09143"
"KARNATAKA","29","GADAG","537","KARNATAKA, GADAG","KARNATAKA, GADAG","x29537"
"ODISHA","21","GAJAPATI","353","ODISHA, GAJAPATI","ODISHA, GAJAPATI","x21353"
"ODISHA","21","GANJAM","354","ODISHA, GANJAM","ODISHA, GANJAM","x21354"
"JHARKHAND","20","GARHWA","328","JHARKHAND, GARHWA","JHARKHAND, GARHWA","x20328"
"CHHATTISGARH","22","GARIYABAND","645","CHHATTISGARH, GARIYABAND","CHHATTISGARH, GARIYABAND","x22645"
"UTTAR PRADESH","09","GAUTAMBUDHNAGAR","144","UTTAR PRADESH, GAUTAMBUDHNAGAR","UTTAR PRADESH, GAUTAMBUDHNAGAR","x09144"
"UTTAR PRADESH","09","GAZIPUR","146","UTTAR PRADESH, GAZIPUR","UTTAR PRADESH, GAZIPUR","x09146"
"UTTAR PRADESH","09","GHAZIABAD","145","UTTAR PRADESH, GHAZIABAD","UTTAR PRADESH, GHAZIABAD","x09145"
"GUJARAT","24","GIR SOMNATH","675","GUJARAT, GIR SOMNATH","GUJARAT, GIR SOMNATH","x24675"
"JHARKHAND","20","GIRIDIH","329","JHARKHAND, GIRIDIH","JHARKHAND, GIRIDIH","x20329"
"JHARKHAND","20","GODDA","330","JHARKHAND, GODDA","JHARKHAND, GODDA","x20330"
"TRIPURA","16","GOMATI","654","TRIPURA, GOMATI","TRIPURA, GOMATI","x16654"
"UTTAR PRADESH","09","GONDA","147","UTTAR PRADESH, GONDA","UTTAR PRADESH, GONDA","x09147"
"UTTAR PRADESH","09","GORAKHPUR","148","UTTAR PRADESH, GORAKHPUR","UTTAR PRADESH, GORAKHPUR","x09148"
"JHARKHAND","20","GUMLA","331","JHARKHAND, GUMLA","JHARKHAND, GUMLA","x20331"
"MADHYA PRADESH","23","GUNA","406","MADHYA PRADESH, GUNA","MADHYA PRADESH, GUNA","x23406"
"ANDHRA PRADESH","28","GUNTUR","506","ANDHRA PRADESH, GUNTUR","ANDHRA PRADESH, GUNTUR","x28506"
"MADHYA PRADESH","23","GWALIOR","407","MADHYA PRADESH, GWALIOR","MADHYA PRADESH, GWALIOR","x23407"
"HIMACHAL PRADESH","02","HAMIRPUR","017","HIMACHAL PRADESH, HAMIRPUR","HIMACHAL PRADESH, HAMIRPUR","x02017"
"UTTAR PRADESH","09","HAMIRPUR","149","UTTAR PRADESH, HAMIRPUR","UTTAR PRADESH, HAMIRPUR","x09149"
"RAJASTHAN","08","HANUMANGARH","101","RAJASTHAN, HANUMANGARH","RAJASTHAN, HANUMANGARH","x08101"
"UTTAR PRADESH","09","HAPUR","661","UTTAR PRADESH, HAPUR","UTTAR PRADESH, HAPUR","x09661"
"MADHYA PRADESH","23","HARDA","408","MADHYA PRADESH, HARDA","MADHYA PRADESH, HARDA","x23408"
"UTTAR PRADESH","09","HARDOI","150","UTTAR PRADESH, HARDOI","UTTAR PRADESH, HARDOI","x09150"
"UTTARAKHAND","05","HARIDWAR","050","UTTARAKHAND, HARIDWAR","UTTARAKHAND, HARIDWAR","x05050"
"KARNATAKA","29","HASSAN","539","KARNATAKA, HASSAN","KARNATAKA, HASSAN","x29539"
"UTTAR PRADESH","09","HATHRAS","163","UTTAR PRADESH, HATHRAS","UTTAR PRADESH, HATHRAS","x09163"
"KARNATAKA","29","HAVERI","540","KARNATAKA, HAVERI","KARNATAKA, HAVERI","x29540"
"JHARKHAND","20","HAZARIBAGH","332","JHARKHAND, HAZARIBAGH","JHARKHAND, HAZARIBAGH","x20332"
"MADHYA PRADESH","23","HOSHANGABAD","409","MADHYA PRADESH, HOSHANGABAD","MADHYA PRADESH, HOSHANGABAD","x23409"
"KERALA","32","IDUKKI","556","KERALA, IDUKKI","KERALA, IDUKKI","x32556"
"MANIPUR","14","IMPHAL WEST","256","MANIPUR, IMPHAL WEST","MANIPUR, IMPHAL WEST","x14256"
"MADHYA PRADESH","23","INDORE","410","MADHYA PRADESH, INDORE","MADHYA PRADESH, INDORE","x23410"
"MADHYA PRADESH","23","JABALPUR","411","MADHYA PRADESH, JABALPUR","MADHYA PRADESH, JABALPUR","x23411"
"ODISHA","21","JAGATSINGHPUR","355","ODISHA, JAGATSINGHPUR","ODISHA, JAGATSINGHPUR","x21355"
"RAJASTHAN","08","JAIPUR","102","RAJASTHAN, JAIPUR","RAJASTHAN, JAIPUR","x08102"
"RAJASTHAN","08","JAISALMER","103","RAJASTHAN, JAISALMER","RAJASTHAN, JAISALMER","x08103"
"ODISHA","21","JAJAPUR","356","ODISHA, JAJAPUR","ODISHA, JAJAPUR","x21356"
"UTTAR PRADESH","09","JALAUN","151","UTTAR PRADESH, JALAUN","UTTAR PRADESH, JALAUN","x09151"
"RAJASTHAN","08","JALOR","104","RAJASTHAN, JALOR","RAJASTHAN, JALOR","x08104"
"JHARKHAND","20","JAMTARA","333","JHARKHAND, JAMTARA","JHARKHAND, JAMTARA","x20333"
"CHHATTISGARH","22","JANJGIR - CHAMPA","379","CHHATTISGARH, JANJGIR - CHAMPA","CHHATTISGARH, JANJGIR - CHAMPA","x22379"
"CHHATTISGARH","22","JASHPUR","380","CHHATTISGARH, JASHPUR","CHHATTISGARH, JASHPUR","x22380"
"UTTAR PRADESH","09","JAUNPUR","152","UTTAR PRADESH, JAUNPUR","UTTAR PRADESH, JAUNPUR","x09152"
"MADHYA PRADESH","23","JHABUA","412","MADHYA PRADESH, JHABUA","MADHYA PRADESH, JHABUA","x23412"
"RAJASTHAN","08","JHALAWAR","105","RAJASTHAN, JHALAWAR","RAJASTHAN, JHALAWAR","x08105"
"UTTAR PRADESH","09","JHANSI","153","UTTAR PRADESH, JHANSI","UTTAR PRADESH, JHANSI","x09153"
"ODISHA","21","JHARSUGUDA","357","ODISHA, JHARSUGUDA","ODISHA, JHARSUGUDA","x21357"
"RAJASTHAN","08","JHUNJHUNUN","106","RAJASTHAN, JHUNJHUNUN","RAJASTHAN, JHUNJHUNUN","x08106"
"RAJASTHAN","08","JODHPUR","107","RAJASTHAN, JODHPUR","RAJASTHAN, JODHPUR","x08107"
"GUJARAT","24","JUNAGADH","448","GUJARAT, JUNAGADH","GUJARAT, JUNAGADH","x24448"
"CHHATTISGARH","22","KABIRDHAM","382","CHHATTISGARH, KABIRDHAM","CHHATTISGARH, KABIRDHAM","x22382"
"KARNATAKA","29","KALABURAGI","538","KARNATAKA, KALABURAGI","KARNATAKA, KALABURAGI","x29538"
"ODISHA","21","KALAHANDI","358","ODISHA, KALAHANDI","ODISHA, KALAHANDI","x21358"
"ODISHA","21","KANDHAMAL","359","ODISHA, KANDHAMAL","ODISHA, KANDHAMAL","x21359"
"HIMACHAL PRADESH","02","KANGRA","018","HIMACHAL PRADESH, KANGRA","HIMACHAL PRADESH, KANGRA","x02018"
"CHHATTISGARH","22","UTTAR BASTAR KANKER","381","CHHATTISGARH, UTTAR BASTAR KANKER","CHHATTISGARH, UTTAR BASTAR KANKER","x22381"
"UTTAR PRADESH","09","KANNAUJ","155","UTTAR PRADESH, KANNAUJ","UTTAR PRADESH, KANNAUJ","x09155"
"KERALA","32","KANNUR","557","KERALA, KANNUR","KERALA, KANNUR","x32557"
"UTTAR PRADESH","09","KANPUR","157","UTTAR PRADESH, KANPUR","UTTAR PRADESH, KANPUR","x09157"
"UTTAR PRADESH","09","KANPUR DEHAT","156","UTTAR PRADESH, KANPUR DEHAT","UTTAR PRADESH, KANPUR DEHAT","x09156"
"PUDUCHERRY","34","KARAIKAL","598","PUDUCHERRY, KARAIKAL","PUDUCHERRY, KARAIKAL","x34598"
"RAJASTHAN","08","KARAULI","108","RAJASTHAN, KARAULI","RAJASTHAN, KARAULI","x08108"
"KERALA","32","KASARAGOD","558","KERALA, KASARAGOD","KERALA, KASARAGOD","x32558"
"UTTAR PRADESH","09","KASGANJ","633","UTTAR PRADESH, KASGANJ","UTTAR PRADESH, KASGANJ","x09633"
"MADHYA PRADESH","23","KATNI","413","MADHYA PRADESH, KATNI","MADHYA PRADESH, KATNI","x23413"
"UTTAR PRADESH","09","KAUSHAMBI","158","UTTAR PRADESH, KAUSHAMBI","UTTAR PRADESH, KAUSHAMBI","x09158"
"ODISHA","21","KENDRAPARHA","360","ODISHA, KENDRAPARHA","ODISHA, KENDRAPARHA","x21360"
"ODISHA","21","KEONJHAR (KENDUJHAR)","361","ODISHA, KEONJHAR (KENDUJHAR)","ODISHA, KEONJHAR (KENDUJHAR)","x21361"
"UTTAR PRADESH","09","KHERI","159","UTTAR PRADESH, KHERI","UTTAR PRADESH, KHERI","x09159"
"ODISHA","21","KHORDHA","362","ODISHA, KHORDHA","ODISHA, KHORDHA","x21362"
"TRIPURA","16","KHOWAI","652","TRIPURA, KHOWAI","TRIPURA, KHOWAI","x16652"
"JHARKHAND","20","KHUNTI","606","JHARKHAND, KHUNTI","JHARKHAND, KHUNTI","x20606"
"RAJASTHAN","08","GANGANAGAR","100","RAJASTHAN, GANGANAGAR","RAJASTHAN, GANGANAGAR","x08100"
"MEGHALAYA","17","EAST JAINTIA HILLS","657","MEGHALAYA, EAST JAINTIA HILLS","MEGHALAYA, EAST JAINTIA HILLS","x17657"
"KARNATAKA","29","KODAGU","541","KARNATAKA, KODAGU","KARNATAKA, KODAGU","x29541"
"JHARKHAND","20","KODARMA","334","JHARKHAND, KODARMA","JHARKHAND, KODARMA","x20334"
"KARNATAKA","29","KOLAR","542","KARNATAKA, KOLAR","KARNATAKA, KOLAR","x29542"
"KERALA","32","KOLLAM","559","KERALA, KOLLAM","KERALA, KOLLAM","x32559"
"CHHATTISGARH","22","KONDAGAON","643","CHHATTISGARH, KONDAGAON","CHHATTISGARH, KONDAGAON","x22643"
"KARNATAKA","29","KOPPAL","543","KARNATAKA, KOPPAL","KARNATAKA, KOPPAL","x29543"
"ODISHA","21","KORAPUT","363","ODISHA, KORAPUT","ODISHA, KORAPUT","x21363"
"CHHATTISGARH","22","KORBA","383","CHHATTISGARH, KORBA","CHHATTISGARH, KORBA","x22383"
"CHHATTISGARH","22","KOREA","384","CHHATTISGARH, KOREA","CHHATTISGARH, KOREA","x22384"
"RAJASTHAN","08","KOTA","109","RAJASTHAN, KOTA","RAJASTHAN, KOTA","x08109"
"KERALA","32","KOTTAYAM","560","KERALA, KOTTAYAM","KERALA, KOTTAYAM","x32560"
"KERALA","32","KOZHIKODE","561","KERALA, KOZHIKODE","KERALA, KOZHIKODE","x32561"
"ANDHRA PRADESH","28","KRISHNA","510","ANDHRA PRADESH, KRISHNA","ANDHRA PRADESH, KRISHNA","x28510"
"HIMACHAL PRADESH","02","KULLU","020","HIMACHAL PRADESH, KULLU","HIMACHAL PRADESH, KULLU","x02020"
"ANDHRA PRADESH","28","KURNOOL","511","ANDHRA PRADESH, KURNOOL","ANDHRA PRADESH, KURNOOL","x28511"
"UTTAR PRADESH","09","KUSHINAGAR","160","UTTAR PRADESH, KUSHINAGAR","UTTAR PRADESH, KUSHINAGAR","x09160"
"LAKSHADWEEP","31","LAKSHADWEEP","553","LAKSHADWEEP, LAKSHADWEEP","LAKSHADWEEP, LAKSHADWEEP","x31553"
"UTTAR PRADESH","09","LALITPUR","161","UTTAR PRADESH, LALITPUR","UTTAR PRADESH, LALITPUR","x09161"
"JHARKHAND","20","LATEHAR","335","JHARKHAND, LATEHAR","JHARKHAND, LATEHAR","x20335"
"JHARKHAND","20","LOHARDAGA","336","JHARKHAND, LOHARDAGA","JHARKHAND, LOHARDAGA","x20336"
"UTTAR PRADESH","09","LUCKNOW","162","UTTAR PRADESH, LUCKNOW","UTTAR PRADESH, LUCKNOW","x09162"
"CHHATTISGARH","22","MAHASAMUND","385","CHHATTISGARH, MAHASAMUND","CHHATTISGARH, MAHASAMUND","x22385"
"PUDUCHERRY","34","MAHE","599","PUDUCHERRY, MAHE","PUDUCHERRY, MAHE","x34599"
"GUJARAT","24","MAHISAGAR","669","GUJARAT, MAHISAGAR","GUJARAT, MAHISAGAR","x24669"
"UTTAR PRADESH","09","MAHOBA","165","UTTAR PRADESH, MAHOBA","UTTAR PRADESH, MAHOBA","x09165"
"UTTAR PRADESH","09","MAINPURI","166","UTTAR PRADESH, MAINPURI","UTTAR PRADESH, MAINPURI","x09166"
"KERALA","32","MALAPPURAM","562","KERALA, MALAPPURAM","KERALA, MALAPPURAM","x32562"
"ODISHA","21","MALKANGIRI","364","ODISHA, MALKANGIRI","ODISHA, MALKANGIRI","x21364"
"KARNATAKA","29","MANDYA","544","KARNATAKA, MANDYA","KARNATAKA, MANDYA","x29544"
"HIMACHAL PRADESH","02","MANDI","022","HIMACHAL PRADESH, MANDI","HIMACHAL PRADESH, MANDI","x02022"
"MADHYA PRADESH","23","MANDLA","415","MADHYA PRADESH, MANDLA","MADHYA PRADESH, MANDLA","x23415"
"MADHYA PRADESH","23","MANDSAUR","416","MADHYA PRADESH, MANDSAUR","MADHYA PRADESH, MANDSAUR","x23416"
"UTTAR PRADESH","09","MATHURA","167","UTTAR PRADESH, MATHURA","UTTAR PRADESH, MATHURA","x09167"
"UTTAR PRADESH","09","MAU","168","UTTAR PRADESH, MAU","UTTAR PRADESH, MAU","x09168"
"ODISHA","21","MAYURBHANJ","365","ODISHA, MAYURBHANJ","ODISHA, MAYURBHANJ","x21365"
"UTTAR PRADESH","09","MEERUT","169","UTTAR PRADESH, MEERUT","UTTAR PRADESH, MEERUT","x09169"
"UTTAR PRADESH","09","MIRZAPUR","170","UTTAR PRADESH, MIRZAPUR","UTTAR PRADESH, MIRZAPUR","x09170"
"UTTAR PRADESH","09","MORADABAD","171","UTTAR PRADESH, MORADABAD","UTTAR PRADESH, MORADABAD","x09171"
"MADHYA PRADESH","23","MORENA","417","MADHYA PRADESH, MORENA","MADHYA PRADESH, MORENA","x23417"
"CHHATTISGARH","22","MUNGELI","647","CHHATTISGARH, MUNGELI","CHHATTISGARH, MUNGELI","x22647"
"UTTAR PRADESH","09","MUZAFFARNAGAR","172","UTTAR PRADESH, MUZAFFARNAGAR","UTTAR PRADESH, MUZAFFARNAGAR","x09172"
"KARNATAKA","29","MYSURU","545","KARNATAKA, MYSURU","KARNATAKA, MYSURU","x29545"
"ODISHA","21","NABARANGAPUR","366","ODISHA, NABARANGAPUR","ODISHA, NABARANGAPUR","x21366"
"RAJASTHAN","08","NAGAUR","110","RAJASTHAN, NAGAUR","RAJASTHAN, NAGAUR","x08110"
"UTTARAKHAND","05","NAINITAL","051","UTTARAKHAND, NAINITAL","UTTARAKHAND, NAINITAL","x05051"
"CHHATTISGARH","22","NARAINPUR","637","CHHATTISGARH, NARAINPUR","CHHATTISGARH, NARAINPUR","x22637"
"GUJARAT","24","NARMADA","452","GUJARAT, NARMADA","GUJARAT, NARMADA","x24452"
"MADHYA PRADESH","23","NARSHIMAPURA","418","MADHYA PRADESH, NARSHIMAPURA","MADHYA PRADESH, NARSHIMAPURA","x23418"
"ODISHA","21","NAYAGARH","367","ODISHA, NAYAGARH","ODISHA, NAYAGARH","x21367"
"ANDHRA PRADESH","28","POTTI SRIRAMULU NELLORE","515","ANDHRA PRADESH, POTTI SRIRAMULU NELLORE","ANDHRA PRADESH, POTTI SRIRAMULU NELLORE","x28515"
"DELHI","07","NEW DELHI","079","DELHI, NEW DELHI","DELHI, NEW DELHI","x07079"
"ANDAMAN & NICOBAR","35","NICOBAR","603","ANDAMAN & NICOBAR, NICOBAR","ANDAMAN & NICOBAR, NICOBAR","x35603"
"MADHYA PRADESH","23","NIMACH","419","MADHYA PRADESH, NIMACH","MADHYA PRADESH, NIMACH","x23419"
"DELHI","07","NORTH","080","DELHI, NORTH","DELHI, NORTH","x07080"
"SIKKIM","11","NORTH","226","SIKKIM, NORTH","SIKKIM, NORTH","x11226"
"ANDAMAN & NICOBAR","35","NORTH & MIDDLE ANDAMAN","632","ANDAMAN & NICOBAR, NORTH & MIDDLE ANDAMAN","ANDAMAN & NICOBAR, NORTH & MIDDLE ANDAMAN","x35632"
"DELHI","07","NORTH EAST","081","DELHI, NORTH EAST","DELHI, NORTH EAST","x07081"
"GOA","30","NORTH GOA","551","GOA, NORTH GOA","GOA, NORTH GOA","x30551"
"TRIPURA","16","NORTH TRIPURA","270","TRIPURA, NORTH TRIPURA","TRIPURA, NORTH TRIPURA","x16270"
"DELHI","07","NORTH WEST","082","DELHI, NORTH WEST","DELHI, NORTH WEST","x07082"
"ODISHA","21","NUAPARHA","368","ODISHA, NUAPARHA","ODISHA, NUAPARHA","x21368"
"JHARKHAND","20","PAKUR","337","JHARKHAND, PAKUR","JHARKHAND, PAKUR","x20337"
"KERALA","32","PALAKKAD","563","KERALA, PALAKKAD","KERALA, PALAKKAD","x32563"
"JHARKHAND","20","PALAMU","338","JHARKHAND, PALAMU","JHARKHAND, PALAMU","x20338"
"RAJASTHAN","08","PALI","111","RAJASTHAN, PALI","RAJASTHAN, PALI","x08111"
"GUJARAT","24","PANCH MAHALS","454","GUJARAT, PANCH MAHALS","GUJARAT, PANCH MAHALS","x24454"
"MADHYA PRADESH","23","PANNA","420","MADHYA PRADESH, PANNA","MADHYA PRADESH, PANNA","x23420"
"JHARKHAND","20","WEST SINGHBHUM","343","JHARKHAND, WEST SINGHBHUM","JHARKHAND, WEST SINGHBHUM","x20343"
"KERALA","32","PATTANAMTHITTA","564","KERALA, PATTANAMTHITTA","KERALA, PATTANAMTHITTA","x32564"
"UTTARAKHAND","05","PAURI GARHWAL","052","UTTARAKHAND, PAURI GARHWAL","UTTARAKHAND, PAURI GARHWAL","x05052"
"UTTAR PRADESH","09","PILIBHIT","173","UTTAR PRADESH, PILIBHIT","UTTAR PRADESH, PILIBHIT","x09173"
"ANDHRA PRADESH","28","PRAKASAM","517","ANDHRA PRADESH, PRAKASAM","ANDHRA PRADESH, PRAKASAM","x28517"
"RAJASTHAN","08","PRATAPGARH","629","RAJASTHAN, PRATAPGARH","RAJASTHAN, PRATAPGARH","x08629"
"UTTAR PRADESH","09","PRATAPGARH","174","UTTAR PRADESH, PRATAPGARH","UTTAR PRADESH, PRATAPGARH","x09174"
"PUDUCHERRY","34","PUDUCHERRY","600","PUDUCHERRY, PUDUCHERRY","PUDUCHERRY, PUDUCHERRY","x34600"
"JHARKHAND","20","EAST SINGHBHUM","327","JHARKHAND, EAST SINGHBHUM","JHARKHAND, EAST SINGHBHUM","x20327"
"ODISHA","21","PURI","369","ODISHA, PURI","ODISHA, PURI","x21369"
"UTTAR PRADESH","09","RAIBEARELI","175","UTTAR PRADESH, RAIBEARELI","UTTAR PRADESH, RAIBEARELI","x09175"
"KARNATAKA","29","RAICHUR","546","KARNATAKA, RAICHUR","KARNATAKA, RAICHUR","x29546"
"CHHATTISGARH","22","RAIGARH","386","CHHATTISGARH, RAIGARH","CHHATTISGARH, RAIGARH","x22386"
"CHHATTISGARH","22","RAIPUR","387","CHHATTISGARH, RAIPUR","CHHATTISGARH, RAIPUR","x22387"
"MADHYA PRADESH","23","RAISEN","421","MADHYA PRADESH, RAISEN","MADHYA PRADESH, RAISEN","x23421"
"CHHATTISGARH","22","RAJ NANDGAON","388","CHHATTISGARH, RAJ NANDGAON","CHHATTISGARH, RAJ NANDGAON","x22388"
"MADHYA PRADESH","23","RAJGARH","422","MADHYA PRADESH, RAJGARH","MADHYA PRADESH, RAJGARH","x23422"
"RAJASTHAN","08","RAJ SAMAND","112","RAJASTHAN, RAJ SAMAND","RAJASTHAN, RAJ SAMAND","x08112"
"JHARKHAND","20","RAMGARH","607","JHARKHAND, RAMGARH","JHARKHAND, RAMGARH","x20607"
"KARNATAKA","29","RAMANAGARAM","631","KARNATAKA, RAMANAGARAM","KARNATAKA, RAMANAGARAM","x29631"
"UTTAR PRADESH","09","RAMPUR","176","UTTAR PRADESH, RAMPUR","UTTAR PRADESH, RAMPUR","x09176"
"JHARKHAND","20","RANCHI","339","JHARKHAND, RANCHI","JHARKHAND, RANCHI","x20339"
"MADHYA PRADESH","23","RATLAM","423","MADHYA PRADESH, RATLAM","MADHYA PRADESH, RATLAM","x23423"
"ODISHA","21","RAYAGARHA","370","ODISHA, RAYAGARHA","ODISHA, RAYAGARHA","x21370"
"MADHYA PRADESH","23","REWA","424","MADHYA PRADESH, REWA","MADHYA PRADESH, REWA","x23424"
"UTTARAKHAND","05","RUDRAPRAYAG","054","UTTARAKHAND, RUDRAPRAYAG","UTTARAKHAND, RUDRAPRAYAG","x05054"
"GUJARAT","24","SABAR KANTHA","458","GUJARAT, SABAR KANTHA","GUJARAT, SABAR KANTHA","x24458"
"MADHYA PRADESH","23","SAGAR","425","MADHYA PRADESH, SAGAR","MADHYA PRADESH, SAGAR","x23425"
"UTTAR PRADESH","09","SAHARANPUR","177","UTTAR PRADESH, SAHARANPUR","UTTAR PRADESH, SAHARANPUR","x09177"
"JHARKHAND","20","SAHIBGANJ","340","JHARKHAND, SAHIBGANJ","JHARKHAND, SAHIBGANJ","x20340"
"MIZORAM","15","SAIHA","267","MIZORAM, SAIHA","MIZORAM, SAIHA","x15267"
"ODISHA","21","SAMBALPUR","371","ODISHA, SAMBALPUR","ODISHA, SAMBALPUR","x21371"
"UTTAR PRADESH","09","SAMBHAL","659","UTTAR PRADESH, SAMBHAL","UTTAR PRADESH, SAMBHAL","x09659"
"UTTAR PRADESH","09","SANTKABIRNAGAR","178","UTTAR PRADESH, SANTKABIRNAGAR","UTTAR PRADESH, SANTKABIRNAGAR","x09178"
"JHARKHAND","20","SARAIKELA-KHARSAWAN","341","JHARKHAND, SARAIKELA-KHARSAWAN","JHARKHAND, SARAIKELA-KHARSAWAN","x20341"
"MADHYA PRADESH","23","SATNA","426","MADHYA PRADESH, SATNA","MADHYA PRADESH, SATNA","x23426"
"RAJASTHAN","08","SAWAI MADHOPUR","113","RAJASTHAN, SAWAI MADHOPUR","RAJASTHAN, SAWAI MADHOPUR","x08113"
"MADHYA PRADESH","23","SEHORE","427","MADHYA PRADESH, SEHORE","MADHYA PRADESH, SEHORE","x23427"
"MADHYA PRADESH","23","SEONI","428","MADHYA PRADESH, SEONI","MADHYA PRADESH, SEONI","x23428"
"TRIPURA","16","SEPAHIJALA","653","TRIPURA, SEPAHIJALA","TRIPURA, SEPAHIJALA","x16653"
"DELHI","07","SHAHADRA","671","DELHI, SHAHADRA","DELHI, SHAHADRA","x07671"
"MADHYA PRADESH","23","SHAHDOL","429","MADHYA PRADESH, SHAHDOL","MADHYA PRADESH, SHAHDOL","x23429"
"UTTAR PRADESH","09","SHAHJAHANPUR","180","UTTAR PRADESH, SHAHJAHANPUR","UTTAR PRADESH, SHAHJAHANPUR","x09180"
"MADHYA PRADESH","23","SHAJAPUR","430","MADHYA PRADESH, SHAJAPUR","MADHYA PRADESH, SHAJAPUR","x23430"
"UTTAR PRADESH","09","SHAMLI","660","UTTAR PRADESH, SHAMLI","UTTAR PRADESH, SHAMLI","x09660"
"MADHYA PRADESH","23","SHEOPUR","431","MADHYA PRADESH, SHEOPUR","MADHYA PRADESH, SHEOPUR","x23431"
"HIMACHAL PRADESH","02","SHIMLA","023","HIMACHAL PRADESH, SHIMLA","HIMACHAL PRADESH, SHIMLA","x02023"
"KARNATAKA","29","SHIVAMOGGA","547","KARNATAKA, SHIVAMOGGA","KARNATAKA, SHIVAMOGGA","x29547"
"MADHYA PRADESH","23","SHIVPURI","432","MADHYA PRADESH, SHIVPURI","MADHYA PRADESH, SHIVPURI","x23432"
"UTTAR PRADESH","09","SHRAWASTI","181","UTTAR PRADESH, SHRAWASTI","UTTAR PRADESH, SHRAWASTI","x09181"
"UTTAR PRADESH","09","SIDDHARTHNAGAR","182","UTTAR PRADESH, SIDDHARTHNAGAR","UTTAR PRADESH, SIDDHARTHNAGAR","x09182"
"MADHYA PRADESH","23","SIDHI","433","MADHYA PRADESH, SIDHI","MADHYA PRADESH, SIDHI","x23433"
"RAJASTHAN","08","SIKAR","114","RAJASTHAN, SIKAR","RAJASTHAN, SIKAR","x08114"
"JHARKHAND","20","SIMDEGA","342","JHARKHAND, SIMDEGA","JHARKHAND, SIMDEGA","x20342"
"MADHYA PRADESH","23","SINGRAULI","638","MADHYA PRADESH, SINGRAULI","MADHYA PRADESH, SINGRAULI","x23638"
"HIMACHAL PRADESH","02","SIRMAUR","024","HIMACHAL PRADESH, SIRMAUR","HIMACHAL PRADESH, SIRMAUR","x02024"
"RAJASTHAN","08","SIROHI","115","RAJASTHAN, SIROHI","RAJASTHAN, SIROHI","x08115"
"UTTAR PRADESH","09","SITAPUR","183","UTTAR PRADESH, SITAPUR","UTTAR PRADESH, SITAPUR","x09183"
"HIMACHAL PRADESH","02","SOLAN","025","HIMACHAL PRADESH, SOLAN","HIMACHAL PRADESH, SOLAN","x02025"
"UTTAR PRADESH","09","SONBHADRA","184","UTTAR PRADESH, SONBHADRA","UTTAR PRADESH, SONBHADRA","x09184"
"DELHI","07","SOUTH","083","DELHI, SOUTH","DELHI, SOUTH","x07083"
"SIKKIM","11","SOUTH","227","SIKKIM, SOUTH","SIKKIM, SOUTH","x11227"
"ANDAMAN & NICOBAR","35","SOUTH ANDAMAN","602","ANDAMAN & NICOBAR, SOUTH ANDAMAN","ANDAMAN & NICOBAR, SOUTH ANDAMAN","x35602"
"MEGHALAYA","17","SOUTH GARO HILLS","277","MEGHALAYA, SOUTH GARO HILLS","MEGHALAYA, SOUTH GARO HILLS","x17277"
"GOA","30","SOUTH GOA","552","GOA, SOUTH GOA","GOA, SOUTH GOA","x30552"
"TRIPURA","16","SOUTH TRIPURA","271","TRIPURA, SOUTH TRIPURA","TRIPURA, SOUTH TRIPURA","x16271"
"DELHI","07","SOUTH WEST","084","DELHI, SOUTH WEST","DELHI, SOUTH WEST","x07084"
"ANDHRA PRADESH","28","SRIKAKULAM","519","ANDHRA PRADESH, SRIKAKULAM","ANDHRA PRADESH, SRIKAKULAM","x28519"
"ODISHA","21","SUBARNAPUR","372","ODISHA, SUBARNAPUR","ODISHA, SUBARNAPUR","x21372"
"CHHATTISGARH","22","SUKMA","642","CHHATTISGARH, SUKMA","CHHATTISGARH, SUKMA","x22642"
"UTTAR PRADESH","09","SULTANPUR","185","UTTAR PRADESH, SULTANPUR","UTTAR PRADESH, SULTANPUR","x09185"
"ODISHA","21","SUNDARGARH","373","ODISHA, SUNDARGARH","ODISHA, SUNDARGARH","x21373"
"CHHATTISGARH","22","SURAJPUR","648","CHHATTISGARH, SURAJPUR","CHHATTISGARH, SURAJPUR","x22648"
"CHHATTISGARH","22","SURGUJA","389","CHHATTISGARH, SURGUJA","CHHATTISGARH, SURGUJA","x22389"
"GUJARAT","24","TAPI","641","GUJARAT, TAPI","GUJARAT, TAPI","x24641"
"UTTARAKHAND","05","TEHRI GARHWAL","055","UTTARAKHAND, TEHRI GARHWAL","UTTARAKHAND, TEHRI GARHWAL","x05055"
"KERALA","32","THIRUVANANTHAPURAM","565","KERALA, THIRUVANANTHAPURAM","KERALA, THIRUVANANTHAPURAM","x32565"
"KERALA","32","TRISSUR","566","KERALA, TRISSUR","KERALA, TRISSUR","x32566"
"MADHYA PRADESH","23","TIKAMGARH","434","MADHYA PRADESH, TIKAMGARH","MADHYA PRADESH, TIKAMGARH","x23434"
"RAJASTHAN","08","TONK","116","RAJASTHAN, TONK","RAJASTHAN, TONK","x08116"
"KARNATAKA","29","TUMAKURU","548","KARNATAKA, TUMAKURU","KARNATAKA, TUMAKURU","x29548"
"RAJASTHAN","08","UDAIPUR","117","RAJASTHAN, UDAIPUR","RAJASTHAN, UDAIPUR","x08117"
"UTTARAKHAND","05","UDHAM SINGH NAGAR","056","UTTARAKHAND, UDHAM SINGH NAGAR","UTTARAKHAND, UDHAM SINGH NAGAR","x05056"
"KARNATAKA","29","UDUPI","549","KARNATAKA, UDUPI","KARNATAKA, UDUPI","x29549"
"MADHYA PRADESH","23","UJJAIN","435","MADHYA PRADESH, UJJAIN","MADHYA PRADESH, UJJAIN","x23435"
"MADHYA PRADESH","23","UMARIA","436","MADHYA PRADESH, UMARIA","MADHYA PRADESH, UMARIA","x23436"
"HIMACHAL PRADESH","02","UNA","026","HIMACHAL PRADESH, UNA","HIMACHAL PRADESH, UNA","x02026"
"UTTAR PRADESH","09","UNNAO","186","UTTAR PRADESH, UNNAO","UTTAR PRADESH, UNNAO","x09186"
"TRIPURA","16","UNOKOTI","655","TRIPURA, UNOKOTI","TRIPURA, UNOKOTI","x16655"
"KARNATAKA","29","UTTARA KANNADA","550","KARNATAKA, UTTARA  KANNADA","KARNATAKA, UTTARA KANNADA","x29550"
"GUJARAT","24","VADODARA","461","GUJARAT, VADODARA","GUJARAT, VADODARA","x24461"
"UTTAR PRADESH","09","VARANASI","187","UTTAR PRADESH, VARANASI","UTTAR PRADESH, VARANASI","x09187"
"MADHYA PRADESH","23","VIDISHA","437","MADHYA PRADESH, VIDISHA","MADHYA PRADESH, VIDISHA","x23437"
"KARNATAKA","29","VIJAYAPURA","530","KARNATAKA, VIJAYAPURA","KARNATAKA, VIJAYAPURA","x29530"
"ANDHRA PRADESH","28","VISAKHAPATNAM","520","ANDHRA PRADESH, VISAKHAPATNAM","ANDHRA PRADESH, VISAKHAPATNAM","x28520"
"ANDHRA PRADESH","28","VIZIANAGARAM","521","ANDHRA PRADESH, VIZIANAGARAM","ANDHRA PRADESH, VIZIANAGARAM","x28521"
"KERALA","32","WAYANAD","567","KERALA, WAYANAD","KERALA, WAYANAD","x32567"
"SIKKIM","11","WEST","228","SIKKIM, WEST","SIKKIM, WEST","x11228"
"DELHI","07","WEST","085","DELHI, WEST","DELHI, WEST","x07085"
"MEGHALAYA","17","WEST GARO HILLS","278","MEGHALAYA, WEST GARO HILLS","MEGHALAYA, WEST GARO HILLS","x17278"
"ANDHRA PRADESH","28","WEST GODAVARI","523","ANDHRA PRADESH, WEST GODAVARI","ANDHRA PRADESH, WEST GODAVARI","x28523"
"MEGHALAYA","17","WEST KHASI HILLS","279","MEGHALAYA, WEST KHASI HILLS","MEGHALAYA, WEST KHASI HILLS","x17279"
"MADHYA PRADESH","23","WEST NIMAR","414","MADHYA PRADESH, WEST NIMAR","MADHYA PRADESH, WEST NIMAR","x23414"
"TRIPURA","16","WEST TRIPURA","272","TRIPURA, WEST TRIPURA","TRIPURA, WEST TRIPURA","x16272"
"KARNATAKA","29","YADGIR","635","KARNATAKA, YADGIR","KARNATAKA, YADGIR","x29635"
"PUDUCHERRY","34","YANAM","601","PUDUCHERRY, YANAM","PUDUCHERRY, YANAM","x34601"
"ODISHA","21","BAUDH (BAUDA)","349","ODISHA, BAUDH (BAUDA)","ODISHA, BAUDH (BAUDA)","x21349"
"MIZORAM","15","LAWNGTLAI","264","MIZORAM, LAWNGTLAI","MIZORAM, LAWNGTLAI","x15264"
"MIZORAM","15","SERCHHIP","268","MIZORAM, SERCHHIP","MIZORAM, SERCHHIP","x15268"
"MIZORAM","15","KOLASIB","263","MIZORAM, KOLASIB","MIZORAM, KOLASIB","x15263"
"MIZORAM","15","MAMIT","266","MIZORAM, MAMIT","MIZORAM, MAMIT","x15266"
"MIZORAM","15","LUNGLEI","265","MIZORAM, LUNGLEI","MIZORAM, LUNGLEI","x15265"
"JAMMU & KASHMIR","01","MIRPUR",NA,"JAMMU & KASHMIR, MIRPUR","JAMMU & KASHMIR, MIRPUR","x01NA"
"JAMMU & KASHMIR","01","MUZAFFARABAD",NA,"JAMMU & KASHMIR, MUZAFFARABAD","JAMMU & KASHMIR, MUZAFFARABAD","x01NA"
"JAMMU & KASHMIR","01","PUNCH","010","JAMMU & KASHMIR, PUNCH","JAMMU & KASHMIR, PUNCH","x01010"
"JAMMU & KASHMIR","01","ANANTNAG","001","JAMMU & KASHMIR, ANANTNAG","JAMMU & KASHMIR, ANANTNAG","x01001"
"JAMMU & KASHMIR","01","BARAMULA","003","JAMMU & KASHMIR, BARAMULA","JAMMU & KASHMIR, BARAMULA","x01003"
"JAMMU & KASHMIR","01","KATHUA","007","JAMMU & KASHMIR, KATHUA","JAMMU & KASHMIR, KATHUA","x01007"
"JAMMU & KASHMIR","01","UDHAMPUR","014","JAMMU & KASHMIR, UDHAMPUR","JAMMU & KASHMIR, UDHAMPUR","x01014"
"UTTAR PRADESH","09","PRAYAGRAJ","120","UTTAR PRADESH, PRAYAGRAJ","UTTAR PRADESH, PRAYAGRAJ","x09120"
"MEGHALAYA","17","RI-BHOI","276","MEGHALAYA, RI-BHOI","MEGHALAYA, RI-BHOI","x17276"
"DELHI","07","SOUTH EAST","670","DELHI, SOUTH EAST","DELHI, SOUTH EAST","x07670"
"MEGHALAYA","17","SOUTH WEST KHASI HILLS","658","MEGHALAYA, SOUTH WEST KHASI HILLS","MEGHALAYA, SOUTH WEST KHASI HILLS","x17658"
"MEGHALAYA","17","SOUTH WEST GARO HILLS","663","MEGHALAYA, SOUTH WEST GARO HILLS","MEGHALAYA, SOUTH WEST GARO HILLS","x17663"
"MEGHALAYA","17","NORTH GARO HILLS","656","MEGHALAYA, NORTH GARO HILLS","MEGHALAYA, NORTH GARO HILLS","x17656"
"MEGHALAYA","17","WEST JAINTIA HILLS","275","MEGHALAYA, WEST JAINTIA HILLS","MEGHALAYA, WEST JAINTIA HILLS","x17275"
"MIZORAM","15","AIZAWL","261","MIZORAM, AIZAWL","MIZORAM, AIZAWL","x15261"
"JAMMU & KASHMIR","01","BADGAM","002","JAMMU & KASHMIR, BADGAM","JAMMU & KASHMIR, BADGAM","x01002"
"JAMMU & KASHMIR","01","BANDIPURA","623","JAMMU & KASHMIR, BANDIPURA","JAMMU & KASHMIR, BANDIPURA","x01623"
"JAMMU & KASHMIR","01","GANDERBAL","626","JAMMU & KASHMIR, GANDERBAL","JAMMU & KASHMIR, GANDERBAL","x01626"
"JAMMU & KASHMIR","01","KULGAM","622","JAMMU & KASHMIR, KULGAM","JAMMU & KASHMIR, KULGAM","x01622"
"JAMMU & KASHMIR","01","KUPWARA","008","JAMMU & KASHMIR, KUPWARA","JAMMU & KASHMIR, KUPWARA","x01008"
"JAMMU & KASHMIR","01","PULWAMA","011","JAMMU & KASHMIR, PULWAMA","JAMMU & KASHMIR, PULWAMA","x01011"
"JAMMU & KASHMIR","01","RAJAURI","012","JAMMU & KASHMIR, RAJAURI","JAMMU & KASHMIR, RAJAURI","x01012"
"JAMMU & KASHMIR","01","RAMBAN","621","JAMMU & KASHMIR, RAMBAN","JAMMU & KASHMIR, RAMBAN","x01621"
"JAMMU & KASHMIR","01","RIASI","627","JAMMU & KASHMIR, RIASI","JAMMU & KASHMIR, RIASI","x01627"
"JAMMU & KASHMIR","01","SHUPIYAN","625","JAMMU & KASHMIR, SHUPIYAN","JAMMU & KASHMIR, SHUPIYAN","x01625"
"JAMMU & KASHMIR","01","SRINAGAR","013","JAMMU & KASHMIR, SRINAGAR","JAMMU & KASHMIR, SRINAGAR","x01013"
"LADAKH","37","LEH","009","LADAKH, LEH","LADAKH, LEH","x37009"
"LADAKH","37","KARGIL","006","LADAKH, KARGIL","LADAKH, KARGIL","x37006"
"JAMMU & KASHMIR","01","KISHTWAR","620","JAMMU & KASHMIR, KISHTWAR","JAMMU & KASHMIR, KISHTWAR","x01620"
"JAMMU & KASHMIR","01","DODA","004","JAMMU & KASHMIR, DODA","JAMMU & KASHMIR, DODA","x01004"
"JAMMU & KASHMIR","01","SAMBA","624","JAMMU & KASHMIR, SAMBA","JAMMU & KASHMIR, SAMBA","x01624"
"MANIPUR","14","IMPHAL EAST","255","MANIPUR, IMPHAL EAST","MANIPUR, IMPHAL EAST","x14255"
"MANIPUR","14","JIRIBAM","713","MANIPUR, JIRIBAM","MANIPUR, JIRIBAM","x14713"
"MADHYA PRADESH","23","NIVARI","722","MADHYA PRADESH, NIVARI","MADHYA PRADESH, NIVARI","x23722"
"GUJARAT","24","AMRELI","439","GUJARAT, AMRELI","GUJARAT, AMRELI","x24439"
"DADRA & NAGAR HAVELI & DAMAN & DIU","38","DIU","464","DADRA & NAGAR HAVELI & DAMAN & DIU, DIU","DADRA & NAGAR HAVELI & DAMAN & DIU, DIU","x38464"
"GUJARAT","24","PORBANDAR","456","GUJARAT, PORBANDAR","GUJARAT, PORBANDAR","x24456"
"GUJARAT","24","RAJKOT","457","GUJARAT, RAJKOT","GUJARAT, RAJKOT","x24457"
"GUJARAT","24","SURENDRANAGAR","460","GUJARAT, SURENDRANAGAR","GUJARAT, SURENDRANAGAR","x24460"
"GUJARAT","24","BOTAD","676","GUJARAT, BOTAD","GUJARAT, BOTAD","x24676"
"GUJARAT","24","KHEDA","450","GUJARAT, KHEDA","GUJARAT, KHEDA","x24450"
"GUJARAT","24","MAHESANA","451","GUJARAT, MAHESANA","GUJARAT, MAHESANA","x24451"
"GUJARAT","24","GANDHINAGAR","446","GUJARAT, GANDHINAGAR","GUJARAT, GANDHINAGAR","x24446"
"GUJARAT","24","PATAN","455","GUJARAT, PATAN","GUJARAT, PATAN","x24455"
"TELANGANA","36","ADILABAD","501","TELANGANA, ADILABAD","TELANGANA, ADILABAD","x36501"
"MAHARASHTRA","27","AHAMADNAGAR","466","MAHARASHTRA, AHAMADNAGAR","MAHARASHTRA, AHAMADNAGAR","x27466"
"MAHARASHTRA","27","AKOLA","467","MAHARASHTRA, AKOLA","MAHARASHTRA, AKOLA","x27467"
"WEST BENGAL","19","ALIPUR DUAR","664","WEST BENGAL, ALIPUR DUAR","WEST BENGAL, ALIPUR DUAR","x19664"
"MAHARASHTRA","27","AMARAVATI","468","MAHARASHTRA, AMARAVATI","MAHARASHTRA, AMARAVATI","x27468"
"HARYANA","06","AMBALA","058","HARYANA, AMBALA","HARYANA, AMBALA","x06058"
"PUNJAB","03","AMRITSAR","027","PUNJAB, AMRITSAR","PUNJAB, AMRITSAR","x03027"
"ARUNACHAL PRADESH","12","ANJAW","628","ARUNACHAL PRADESH, ANJAW","ARUNACHAL PRADESH, ANJAW","x12628"
"BIHAR","10","ARARIA","188","BIHAR, ARARIA","BIHAR, ARARIA","x10188"
"BIHAR","10","ARWAL","611","BIHAR, ARWAL","BIHAR, ARWAL","x10611"
"BIHAR","10","AURANGABAD","189","BIHAR, AURANGABAD","BIHAR, AURANGABAD","x10189"
"MAHARASHTRA","27","AURANGABAD","469","MAHARASHTRA, AURANGABAD","MAHARASHTRA, AURANGABAD","x27469"
"BIHAR","10","BANKA","190","BIHAR, BANKA","BIHAR, BANKA","x10190"
"WEST BENGAL","19","BANKURA","305","WEST BENGAL, BANKURA","WEST BENGAL, BANKURA","x19305"
"WEST BENGAL","19","PURBA BARDDHAMAN","306","WEST BENGAL, PURBA BARDDHAMAN","WEST BENGAL, PURBA BARDDHAMAN","x19306"
"PUNJAB","03","BARNALA","605","PUNJAB, BARNALA","PUNJAB, BARNALA","x03605"
"PUNJAB","03","BATHINDA","028","PUNJAB, BATHINDA","PUNJAB, BATHINDA","x03028"
"BIHAR","10","BEGUSARAI","191","BIHAR, BEGUSARAI","BIHAR, BEGUSARAI","x10191"
"BIHAR","10","KAIMUR","200","BIHAR, KAIMUR","BIHAR, KAIMUR","x10200"
"BIHAR","10","BHAGALPUR","192","BIHAR, BHAGALPUR","BIHAR, BHAGALPUR","x10192"
"MAHARASHTRA","27","BHANDARA","471","MAHARASHTRA, BHANDARA","MAHARASHTRA, BHANDARA","x27471"
"HARYANA","06","BHIWANI","059","HARYANA, BHIWANI","HARYANA, BHIWANI","x06059"
"BIHAR","10","BHOJPUR","193","BIHAR, BHOJPUR","BIHAR, BHOJPUR","x10193"
"MAHARASHTRA","27","BID","470","MAHARASHTRA, BID","MAHARASHTRA, BID","x27470"
"WEST BENGAL","19","BIRBHUM","307","WEST BENGAL, BIRBHUM","WEST BENGAL, BIRBHUM","x19307"
"MAHARASHTRA","27","BULDHANA","472","MAHARASHTRA, BULDHANA","MAHARASHTRA, BULDHANA","x27472"
"BIHAR","10","BUXAR","194","BIHAR, BUXAR","BIHAR, BUXAR","x10194"
"UTTARAKHAND","05","CHAMOLI","047","UTTARAKHAND, CHAMOLI","UTTARAKHAND, CHAMOLI","x05047"
"MAHARASHTRA","27","CHANDRAPUR","473","MAHARASHTRA, CHANDRAPUR","MAHARASHTRA, CHANDRAPUR","x27473"
"ARUNACHAL PRADESH","12","CHANGLANG","229","ARUNACHAL PRADESH, CHANGLANG","ARUNACHAL PRADESH, CHANGLANG","x12229"
"WEST BENGAL","19","DAKSHIN DINAJPUR","310","WEST BENGAL, DAKSHIN DINAJPUR","WEST BENGAL, DAKSHIN DINAJPUR","x19310"
"BIHAR","10","DARBHANGA","195","BIHAR, DARBHANGA","BIHAR, DARBHANGA","x10195"
"WEST BENGAL","19","DARJILING","309","WEST BENGAL, DARJILING","WEST BENGAL, DARJILING","x19309"
"MAHARASHTRA","27","DHULE","474","MAHARASHTRA, DHULE","MAHARASHTRA, DHULE","x27474"
"ARUNACHAL PRADESH","12","DIBANG VALLEY","230","ARUNACHAL PRADESH, DIBANG VALLEY","ARUNACHAL PRADESH, DIBANG VALLEY","x12230"
"NAGALAND","13","PAREN","613","NAGALAND, PAREN","NAGALAND, PAREN","x13613"
"ARUNACHAL PRADESH","12","EAST KAMENG","231","ARUNACHAL PRADESH, EAST KAMENG","ARUNACHAL PRADESH, EAST KAMENG","x12231"
"WEST BENGAL","19","PURBA MEDINIPUR","317","WEST BENGAL, PURBA MEDINIPUR","WEST BENGAL, PURBA MEDINIPUR","x19317"
"HARYANA","06","FARIDABAD","060","HARYANA, FARIDABAD","HARYANA, FARIDABAD","x06060"
"PUNJAB","03","FARIDKOT","029","PUNJAB, FARIDKOT","PUNJAB, FARIDKOT","x03029"
"HARYANA","06","FATEHABAD","061","HARYANA, FATEHABAD","HARYANA, FATEHABAD","x06061"
"PUNJAB","03","FATEHGARH SAHIB","030","PUNJAB, FATEHGARH SAHIB","PUNJAB, FATEHGARH SAHIB","x03030"
"PUNJAB","03","FAZILKA","651","PUNJAB, FAZILKA","PUNJAB, FAZILKA","x03651"
"PUNJAB","03","FIROZPUR","031","PUNJAB, FIROZPUR","PUNJAB, FIROZPUR","x03031"
"MAHARASHTRA","27","GADCHIROLI","475","MAHARASHTRA, GADCHIROLI","MAHARASHTRA, GADCHIROLI","x27475"
"BIHAR","10","GAYA","196","BIHAR, GAYA","BIHAR, GAYA","x10196"
"MAHARASHTRA","27","GONDIA","476","MAHARASHTRA, GONDIA","MAHARASHTRA, GONDIA","x27476"
"BIHAR","10","GOPALGANJ","197","BIHAR, GOPALGANJ","BIHAR, GOPALGANJ","x10197"
"PUNJAB","03","GURDASPUR","032","PUNJAB, GURDASPUR","PUNJAB, GURDASPUR","x03032"
"HARYANA","06","GURUGRAM","062","HARYANA, GURUGRAM","HARYANA, GURUGRAM","x06062"
"WEST BENGAL","19","HAORA","313","WEST BENGAL, HAORA","WEST BENGAL, HAORA","x19313"
"MAHARASHTRA","27","HINGOLI","477","MAHARASHTRA, HINGOLI","MAHARASHTRA, HINGOLI","x27477"
"HARYANA","06","HISAR","063","HARYANA, HISAR","HARYANA, HISAR","x06063"
"PUNJAB","03","HOSHIARPUR","033","PUNJAB, HOSHIARPUR","PUNJAB, HOSHIARPUR","x03033"
"WEST BENGAL","19","HUGLI","312","WEST BENGAL, HUGLI","WEST BENGAL, HUGLI","x19312"
"TELANGANA","36","HYDERABAD","507","TELANGANA, HYDERABAD","TELANGANA, HYDERABAD","x36507"
"BIHAR","10","JAHANABAD","199","BIHAR, JAHANABAD","BIHAR, JAHANABAD","x10199"
"PUNJAB","03","JALANDHAR","034","PUNJAB, JALANDHAR","PUNJAB, JALANDHAR","x03034"
"MAHARASHTRA","27","JALGAON","478","MAHARASHTRA, JALGAON","MAHARASHTRA, JALGAON","x27478"
"MAHARASHTRA","27","JALNA","479","MAHARASHTRA, JALNA","MAHARASHTRA, JALNA","x27479"
"WEST BENGAL","19","JALPAIGURI","314","WEST BENGAL, JALPAIGURI","WEST BENGAL, JALPAIGURI","x19314"
"BIHAR","10","JAMUI","198","BIHAR, JAMUI","BIHAR, JAMUI","x10198"
"HARYANA","06","JHAJJAR","064","HARYANA, JHAJJAR","HARYANA, JHAJJAR","x06064"
"HARYANA","06","JIND","065","HARYANA, JIND","HARYANA, JIND","x06065"
"HARYANA","06","KAITHAL","066","HARYANA, KAITHAL","HARYANA, KAITHAL","x06066"
"PUNJAB","03","KAPURTHALA","035","PUNJAB, KAPURTHALA","PUNJAB, KAPURTHALA","x03035"
"TELANGANA","36","KARIMNAGAR","508","TELANGANA, KARIMNAGAR","TELANGANA, KARIMNAGAR","x36508"
"HARYANA","06","KARNAL","067","HARYANA, KARNAL","HARYANA, KARNAL","x06067"
"BIHAR","10","KATIHAR","201","BIHAR, KATIHAR","BIHAR, KATIHAR","x10201"
"BIHAR","10","KHAGARIA","202","BIHAR, KHAGARIA","BIHAR, KHAGARIA","x10202"
"TELANGANA","36","BHADRADRI KOTHAGUDEM","690","TELANGANA, BHADRADRI KOTHAGUDEM","TELANGANA, BHADRADRI KOTHAGUDEM","x36690"
"HIMACHAL PRADESH","02","KINNAUR","019","HIMACHAL PRADESH, KINNAUR","HIMACHAL PRADESH, KINNAUR","x02019"
"MANIPUR","14","UKHRUL","260","MANIPUR, UKHRUL","MANIPUR, UKHRUL","x14260"
"NAGALAND","13","PHEK","248","NAGALAND, PHEK","NAGALAND, PHEK","x13248"
"BIHAR","10","KISHANGANJ","203","BIHAR, KISHANGANJ","BIHAR, KISHANGANJ","x10203"
"WEST BENGAL","19","KOCH BIHAR","308","WEST BENGAL, KOCH BIHAR","WEST BENGAL, KOCH BIHAR","x19308"
"MAHARASHTRA","27","KOLHAPUR","480","MAHARASHTRA, KOLHAPUR","MAHARASHTRA, KOLHAPUR","x27480"
"WEST BENGAL","19","KOLKATA","315","WEST BENGAL, KOLKATA","WEST BENGAL, KOLKATA","x19315"
"HARYANA","06","KURUKSHETRA","068","HARYANA, KURUKSHETRA","HARYANA, KURUKSHETRA","x06068"
"ARUNACHAL PRADESH","12","KURUNG KUMEY","233","ARUNACHAL PRADESH, KURUNG KUMEY","ARUNACHAL PRADESH, KURUNG KUMEY","x12233"
"HIMACHAL PRADESH","02","LAHUL & SPITI","021","HIMACHAL PRADESH, LAHUL & SPITI","HIMACHAL PRADESH, LAHUL & SPITI","x02021"
"BIHAR","10","LAKHISARAI","204","BIHAR, LAKHISARAI","BIHAR, LAKHISARAI","x10204"
"MAHARASHTRA","27","LATUR","481","MAHARASHTRA, LATUR","MAHARASHTRA, LATUR","x27481"
"ARUNACHAL PRADESH","12","LOHIT","234","ARUNACHAL PRADESH, LOHIT","ARUNACHAL PRADESH, LOHIT","x12234"
"ARUNACHAL PRADESH","12","LOWER DIBANG VALLEY","235","ARUNACHAL PRADESH, LOWER DIBANG VALLEY","ARUNACHAL PRADESH, LOWER DIBANG VALLEY","x12235"
"PUNJAB","03","LUDHIANA","036","PUNJAB, LUDHIANA","PUNJAB, LUDHIANA","x03036"
"BIHAR","10","MADHEPURA","205","BIHAR, MADHEPURA","BIHAR, MADHEPURA","x10205"
"BIHAR","10","MADHUBANI","206","BIHAR, MADHUBANI","BIHAR, MADHUBANI","x10206"
"TELANGANA","36","MAHABUBNAGAR","512","TELANGANA, MAHABUBNAGAR","TELANGANA, MAHABUBNAGAR","x36512"
"UTTAR PRADESH","09","MAHARAJGANJ","164","UTTAR PRADESH, MAHARAJGANJ","UTTAR PRADESH, MAHARAJGANJ","x09164"
"HARYANA","06","MAHENDRAGARH","069","HARYANA, MAHENDRAGARH","HARYANA, MAHENDRAGARH","x06069"
"WEST BENGAL","19","MALDAH","316","WEST BENGAL, MALDAH","WEST BENGAL, MALDAH","x19316"
"PUNJAB","03","MANSA","037","PUNJAB, MANSA","PUNJAB, MANSA","x03037"
"TELANGANA","36","SIDDIPET","692","TELANGANA, SIDDIPET","TELANGANA, SIDDIPET","x36692"
"HARYANA","06","MEWAT","604","HARYANA, MEWAT","HARYANA, MEWAT","x06604"
"PUNJAB","03","MOGA","038","PUNJAB, MOGA","PUNJAB, MOGA","x03038"
"NAGALAND","13","WOKHA","250","NAGALAND, WOKHA","NAGALAND, WOKHA","x13250"
"PUNJAB","03","SRI MUKTSAR SAHIB","039","PUNJAB, SRI MUKTSAR SAHIB","PUNJAB, SRI MUKTSAR SAHIB","x03039"
"MAHARASHTRA","27","MUMBAI CITY","482","MAHARASHTRA, MUMBAI CITY","MAHARASHTRA, MUMBAI CITY","x27482"
"BIHAR","10","MUNGER","207","BIHAR, MUNGER","BIHAR, MUNGER","x10207"
"WEST BENGAL","19","MURSHIDABAD","319","WEST BENGAL, MURSHIDABAD","WEST BENGAL, MURSHIDABAD","x19319"
"BIHAR","10","MUZAFFARPUR","208","BIHAR, MUZAFFARPUR","BIHAR, MUZAFFARPUR","x10208"
"WEST BENGAL","19","NADIA","320","WEST BENGAL, NADIA","WEST BENGAL, NADIA","x19320"
"MAHARASHTRA","27","NAGPUR","484","MAHARASHTRA, NAGPUR","MAHARASHTRA, NAGPUR","x27484"
"BIHAR","10","NALANDA","209","BIHAR, NALANDA","BIHAR, NALANDA","x10209"
"TELANGANA","36","NALGONDA","514","TELANGANA, NALGONDA","TELANGANA, NALGONDA","x36514"
"MAHARASHTRA","27","NANDED","485","MAHARASHTRA, NANDED","MAHARASHTRA, NANDED","x27485"
"MAHARASHTRA","27","NANDURBAR","486","MAHARASHTRA, NANDURBAR","MAHARASHTRA, NANDURBAR","x27486"
"MAHARASHTRA","27","NASHIK","487","MAHARASHTRA, NASHIK","MAHARASHTRA, NASHIK","x27487"
"BIHAR","10","NAWADA","210","BIHAR, NAWADA","BIHAR, NAWADA","x10210"
"PUNJAB","03","SHAHID BHAGAT SINGH NAGAR","040","PUNJAB, SHAHID BHAGAT SINGH NAGAR","PUNJAB, SHAHID BHAGAT SINGH NAGAR","x03040"
"TELANGANA","36","NIZAMABAD","516","TELANGANA, NIZAMABAD","TELANGANA, NIZAMABAD","x36516"
"WEST BENGAL","19","NORTH TWENTY-FOUR PARGANAS","303","WEST BENGAL, NORTH TWENTY-FOUR PARGANAS","WEST BENGAL, NORTH TWENTY-FOUR PARGANAS","x19303"
"MAHARASHTRA","27","USMANABAD","488","MAHARASHTRA, USMANABAD","MAHARASHTRA, USMANABAD","x27488"
"MAHARASHTRA","27","PALGHAR","665","MAHARASHTRA, PALGHAR","MAHARASHTRA, PALGHAR","x27665"
"HARYANA","06","PALWAL","619","HARYANA, PALWAL","HARYANA, PALWAL","x06619"
"HARYANA","06","PANCHKULA","070","HARYANA, PANCHKULA","HARYANA, PANCHKULA","x06070"
"HARYANA","06","PANIPAT","071","HARYANA, PANIPAT","HARYANA, PANIPAT","x06071"
"ARUNACHAL PRADESH","12","PAPUMPARE","237","ARUNACHAL PRADESH, PAPUMPARE","ARUNACHAL PRADESH, PAPUMPARE","x12237"
"MAHARASHTRA","27","PARBHANI","489","MAHARASHTRA, PARBHANI","MAHARASHTRA, PARBHANI","x27489"
"BIHAR","10","PASHCHIMI CHAMPARAN","211","BIHAR, PASHCHIMI CHAMPARAN","BIHAR, PASHCHIMI CHAMPARAN","x10211"
"WEST BENGAL","19","PASCHIM MEDINIPUR","318","WEST BENGAL, PASCHIM MEDINIPUR","WEST BENGAL, PASCHIM MEDINIPUR","x19318"
"PUNJAB","03","PATHANKOT","662","PUNJAB, PATHANKOT","PUNJAB, PATHANKOT","x03662"
"PUNJAB","03","PATIALA","041","PUNJAB, PATIALA","PUNJAB, PATIALA","x03041"
"BIHAR","10","PATNA","212","BIHAR, PATNA","BIHAR, PATNA","x10212"
"UTTARAKHAND","05","PITHORAGARH","053","UTTARAKHAND, PITHORAGARH","UTTARAKHAND, PITHORAGARH","x05053"
"MAHARASHTRA","27","PUNE","490","MAHARASHTRA, PUNE","MAHARASHTRA, PUNE","x27490"
"BIHAR","10","PURBI CHAMPARAN","213","BIHAR, PURBI CHAMPARAN","BIHAR, PURBI CHAMPARAN","x10213"
"BIHAR","10","PURNIA","214","BIHAR, PURNIA","BIHAR, PURNIA","x10214"
"WEST BENGAL","19","PURULIYA","321","WEST BENGAL, PURULIYA","WEST BENGAL, PURULIYA","x19321"
"MAHARASHTRA","27","RAYGAD","491","MAHARASHTRA, RAYGAD","MAHARASHTRA, RAYGAD","x27491"
"TELANGANA","36","RANGAREDDY","518","TELANGANA, RANGAREDDY","TELANGANA, RANGAREDDY","x36518"
"MAHARASHTRA","27","RATNAGIRI","492","MAHARASHTRA, RATNAGIRI","MAHARASHTRA, RATNAGIRI","x27492"
"HARYANA","06","REWARI","072","HARYANA, REWARI","HARYANA, REWARI","x06072"
"HARYANA","06","ROHTAK","073","HARYANA, ROHTAK","HARYANA, ROHTAK","x06073"
"BIHAR","10","ROHTAS","215","BIHAR, ROHTAS","BIHAR, ROHTAS","x10215"
"PUNJAB","03","RUPNAGAR","042","PUNJAB, RUPNAGAR","PUNJAB, RUPNAGAR","x03042"
"BIHAR","10","SAHARSA","216","BIHAR, SAHARSA","BIHAR, SAHARSA","x10216"
"BIHAR","10","SAMASTIPUR","217","BIHAR, SAMASTIPUR","BIHAR, SAMASTIPUR","x10217"
"MAHARASHTRA","27","SANGLI","493","MAHARASHTRA, SANGLI","MAHARASHTRA, SANGLI","x27493"
"PUNJAB","03","SANGRUR","043","PUNJAB, SANGRUR","PUNJAB, SANGRUR","x03043"
"BIHAR","10","SARAN","218","BIHAR, SARAN","BIHAR, SARAN","x10218"
"PUNJAB","03","SAS NAGAR (SAHIBZADA AJIT SINGH NAGAR)","608","PUNJAB, SAS NAGAR (SAHIBZADA AJIT SINGH NAGAR)","PUNJAB, SAS NAGAR (SAHIBZADA AJIT SINGH NAGAR)","x03608"
"MAHARASHTRA","27","SATARA","494","MAHARASHTRA, SATARA","MAHARASHTRA, SATARA","x27494"
"MANIPUR","14","SENAPATI","257","MANIPUR, SENAPATI","MANIPUR, SENAPATI","x14257"
"BIHAR","10","SHEIKHPURA","219","BIHAR, SHEIKHPURA","BIHAR, SHEIKHPURA","x10219"
"BIHAR","10","SHEOHAR","220","BIHAR, SHEOHAR","BIHAR, SHEOHAR","x10220"
"MAHARASHTRA","27","SINDHUDURG","495","MAHARASHTRA, SINDHUDURG","MAHARASHTRA, SINDHUDURG","x27495"
"HARYANA","06","SIRSA","074","HARYANA, SIRSA","HARYANA, SIRSA","x06074"
"BIHAR","10","SITAMARHI","221","BIHAR, SITAMARHI","BIHAR, SITAMARHI","x10221"
"BIHAR","10","SIWAN","222","BIHAR, SIWAN","BIHAR, SIWAN","x10222"
"MAHARASHTRA","27","SOLAPUR","496","MAHARASHTRA, SOLAPUR","MAHARASHTRA, SOLAPUR","x27496"
"HARYANA","06","SONIPAT","075","HARYANA, SONIPAT","HARYANA, SONIPAT","x06075"
"WEST BENGAL","19","SOUTH TWENTY-FOUR PARGANAS","304","WEST BENGAL, SOUTH TWENTY-FOUR PARGANAS","WEST BENGAL, SOUTH TWENTY-FOUR PARGANAS","x19304"
"MAHARASHTRA","27","SUB URBAN MUMBAI","483","MAHARASHTRA, SUB URBAN MUMBAI","MAHARASHTRA, SUB URBAN MUMBAI","x27483"
"BIHAR","10","SUPAUL","223","BIHAR, SUPAUL","BIHAR, SUPAUL","x10223"
"MANIPUR","14","TAMENGLONG","258","MANIPUR, TAMENGLONG","MANIPUR, TAMENGLONG","x14258"
"PUNJAB","03","TARN TARAN","609","PUNJAB, TARN TARAN","PUNJAB, TARN TARAN","x03609"
"ARUNACHAL PRADESH","12","TAWANG","238","ARUNACHAL PRADESH, TAWANG","ARUNACHAL PRADESH, TAWANG","x12238"
"MAHARASHTRA","27","THANE","497","MAHARASHTRA, THANE","MAHARASHTRA, THANE","x27497"
"MANIPUR","14","THOUBAL","259","MANIPUR, THOUBAL","MANIPUR, THOUBAL","x14259"
"ARUNACHAL PRADESH","12","TIRAP","239","ARUNACHAL PRADESH, TIRAP","ARUNACHAL PRADESH, TIRAP","x12239"
"MANIPUR","14","KAMJONG","717","MANIPUR, KAMJONG","MANIPUR, KAMJONG","x14717"
"ARUNACHAL PRADESH","12","UPPER SIANG","240","ARUNACHAL PRADESH, UPPER SIANG","ARUNACHAL PRADESH, UPPER SIANG","x12240"
"ARUNACHAL PRADESH","12","UPPER SUBANSIRI","241","ARUNACHAL PRADESH, UPPER SUBANSIRI","ARUNACHAL PRADESH, UPPER SUBANSIRI","x12241"
"WEST BENGAL","19","UTTAR DINAJPUR","311","WEST BENGAL, UTTAR DINAJPUR","WEST BENGAL, UTTAR DINAJPUR","x19311"
"UTTARAKHAND","05","UTTARKASHI","057","UTTARAKHAND, UTTARKASHI","UTTARAKHAND, UTTARKASHI","x05057"
"BIHAR","10","VAISHALI","224","BIHAR, VAISHALI","BIHAR, VAISHALI","x10224"
"TELANGANA","36","MULUGU","720","TELANGANA, MULUGU","TELANGANA, MULUGU","x36720"
"MAHARASHTRA","27","WARDHA","498","MAHARASHTRA, WARDHA","MAHARASHTRA, WARDHA","x27498"
"MAHARASHTRA","27","WASHIM","499","MAHARASHTRA, WASHIM","MAHARASHTRA, WASHIM","x27499"
"ARUNACHAL PRADESH","12","WEST KAMENG","242","ARUNACHAL PRADESH, WEST KAMENG","ARUNACHAL PRADESH, WEST KAMENG","x12242"
"ARUNACHAL PRADESH","12","LOWER SIANG","719","ARUNACHAL PRADESH, LOWER SIANG","ARUNACHAL PRADESH, LOWER SIANG","x12719"
"HARYANA","06","YAMUNANAGAR","076","HARYANA, YAMUNANAGAR","HARYANA, YAMUNANAGAR","x06076"
"MAHARASHTRA","27","YAVATMAL","500","MAHARASHTRA, YAVATMAL","MAHARASHTRA, YAVATMAL","x27500"
"NAGALAND","13","DIMAPUR","244","NAGALAND, DIMAPUR","NAGALAND, DIMAPUR","x13244"
"NAGALAND","13","KOHIMA","245","NAGALAND, KOHIMA","NAGALAND, KOHIMA","x13245"
"NAGALAND","13","KIPHIRE","614","NAGALAND, KIPHIRE","NAGALAND, KIPHIRE","x13614"
"NAGALAND","13","ZUNHEBOTO","251","NAGALAND, ZUNHEBOTO","NAGALAND, ZUNHEBOTO","x13251"
"NAGALAND","13","MOKOKCHUNG","246","NAGALAND, MOKOKCHUNG","NAGALAND, MOKOKCHUNG","x13246"
"NAGALAND","13","MON","247","NAGALAND, MON","NAGALAND, MON","x13247"
"NAGALAND","13","TUENSANG","249","NAGALAND, TUENSANG","NAGALAND, TUENSANG","x13249"
"JAMMU & KASHMIR","01","JAMMU","005","JAMMU & KASHMIR, JAMMU","JAMMU & KASHMIR, JAMMU","x01005"
"ARUNACHAL PRADESH","12","LOWER SUBANSIRI","236","ARUNACHAL PRADESH, LOWER SUBANSIRI","ARUNACHAL PRADESH, LOWER SUBANSIRI","x12236"
"NAGALAND","13","LONGLENG","615","NAGALAND, LONGLENG","NAGALAND, LONGLENG","x13615"
"MANIPUR","14","NONEI","714","MANIPUR, NONEI","MANIPUR, NONEI","x14714"
"MANIPUR","14","PHERZAWL","715","MANIPUR, PHERZAWL","MANIPUR, PHERZAWL","x14715"
"MANIPUR","14","TENGNOUPAL","716","MANIPUR, TENGNOUPAL","MANIPUR, TENGNOUPAL","x14716"
"MANIPUR","14","KANGPOKPI","712","MANIPUR, KANGPOKPI","MANIPUR, KANGPOKPI","x14712"
"MANIPUR","14","KAKCHING","711","MANIPUR, KAKCHING","MANIPUR, KAKCHING","x14711"
"HARYANA","06","CHARKHI DADRI","701","HARYANA, CHARKHI DADRI","HARYANA, CHARKHI DADRI","x06701"
"WEST BENGAL","19","JHARGRAM","703","WEST BENGAL, JHARGRAM","WEST BENGAL, JHARGRAM","x19703"
"WEST BENGAL","19","PASCHIM BARDDHAMAN","704","WEST BENGAL, PASCHIM BARDDHAMAN","WEST BENGAL, PASCHIM BARDDHAMAN","x19704"
"WEST BENGAL","19","KALIMPONG","702","WEST BENGAL, KALIMPONG","WEST BENGAL, KALIMPONG","x19702"
"TELANGANA","36","JOGULAMBA GADWAL","695","TELANGANA, JOGULAMBA GADWAL","TELANGANA, JOGULAMBA GADWAL","x36695"
"ARUNACHAL PRADESH","12","SIANG","679","ARUNACHAL PRADESH, SIANG","ARUNACHAL PRADESH, SIANG","x12679"
"ARUNACHAL PRADESH","12","WEST SIANG","243","ARUNACHAL PRADESH, WEST SIANG","ARUNACHAL PRADESH, WEST SIANG","x12243"
"ARUNACHAL PRADESH","12","SHI YOMI","725","ARUNACHAL PRADESH, SHI YOMI","ARUNACHAL PRADESH, SHI YOMI","x12725"
"ARUNACHAL PRADESH","12","LEPA RADA","724","ARUNACHAL PRADESH, LEPA RADA","ARUNACHAL PRADESH, LEPA RADA","x12724"
"ARUNACHAL PRADESH","12","PAKKE KESSANG","723","ARUNACHAL PRADESH, PAKKE KESSANG","ARUNACHAL PRADESH, PAKKE KESSANG","x12723"
"ARUNACHAL PRADESH","12","KRA DAADI","677","ARUNACHAL PRADESH, KRA DAADI","ARUNACHAL PRADESH, KRA DAADI","x12677"
"ARUNACHAL PRADESH","12","NAMSAI","678","ARUNACHAL PRADESH, NAMSAI","ARUNACHAL PRADESH, NAMSAI","x12678"
"ARUNACHAL PRADESH","12","KAMLE","718","ARUNACHAL PRADESH, KAMLE","ARUNACHAL PRADESH, KAMLE","x12718"
"TELANGANA","36","KUMURAM BHEEM","699","TELANGANA, KUMURAM BHEEM","TELANGANA, KUMURAM BHEEM","x36699"
"TELANGANA","36","MANCHERIAL","684","TELANGANA, MANCHERIAL","TELANGANA, MANCHERIAL","x36684"
"TELANGANA","36","NIRMAL","680","TELANGANA, NIRMAL","TELANGANA, NIRMAL","x36680"
"TELANGANA","36","KAMAREDDY","685","TELANGANA, KAMAREDDY","TELANGANA, KAMAREDDY","x36685"
"TELANGANA","36","SANGAREDDY","691","TELANGANA, SANGAREDDY","TELANGANA, SANGAREDDY","x36691"
"TELANGANA","36","NAGARKURNOOL","694","TELANGANA, NAGARKURNOOL","TELANGANA, NAGARKURNOOL","x36694"
"TELANGANA","36","WANAPARTHY","693","TELANGANA, WANAPARTHY","TELANGANA, WANAPARTHY","x36693"
"TELANGANA","36","NARAYANPET","721","TELANGANA, NARAYANPET","TELANGANA, NARAYANPET","x36721"
"TELANGANA","36","VIKARABAD","698","TELANGANA, VIKARABAD","TELANGANA, VIKARABAD","x36698"
"TELANGANA","36","MEDCHAL-MALKAJGIRI","700","TELANGANA, MEDCHAL-MALKAJGIRI","TELANGANA, MEDCHAL-MALKAJGIRI","x36700"
"TELANGANA","36","YADADRI BHUVANAGIRI","697","TELANGANA, YADADRI BHUVANAGIRI","TELANGANA, YADADRI BHUVANAGIRI","x36697"
"TELANGANA","36","SURYAPET","696","TELANGANA, SURYAPET","TELANGANA, SURYAPET","x36696"
"TELANGANA","36","KHAMMAM","509","TELANGANA, KHAMMAM","TELANGANA, KHAMMAM","x36509"
"TELANGANA","36","MAHABUBABAD","688","TELANGANA, MAHABUBABAD","TELANGANA, MAHABUBABAD","x36688"
"TELANGANA","36","JANGAON","689","TELANGANA, JANGAON","TELANGANA, JANGAON","x36689"
"TELANGANA","36","WARANGAL (URBAN)","686","TELANGANA, WARANGAL (URBAN)","TELANGANA, WARANGAL (URBAN)","x36686"
"TELANGANA","36","WARANGAL (RURAL)","522","TELANGANA, WARANGAL (RURAL)","TELANGANA, WARANGAL (RURAL)","x36522"
"TELANGANA","36","JAYASHANKAR BHUPALAPALLY","687","TELANGANA, JAYASHANKAR BHUPALAPALLY","TELANGANA, JAYASHANKAR BHUPALAPALLY","x36687"
"TELANGANA","36","PEDDAPALLI","682","TELANGANA, PEDDAPALLI","TELANGANA, PEDDAPALLI","x36682"
"TELANGANA","36","JAGTIAL","681","TELANGANA, JAGTIAL","TELANGANA, JAGTIAL","x36681"
"TELANGANA","36","RANJANNA SIRCILLA","683","TELANGANA, RANJANNA SIRCILLA","TELANGANA, RANJANNA SIRCILLA","x36683"
"TELANGANA","36","MEDAK","513","TELANGANA, MEDAK","TELANGANA, MEDAK","x36513"
"ARUNACHAL PRADESH","12","EAST SIANG","232","ARUNACHAL PRADESH, EAST SIANG","ARUNACHAL PRADESH, EAST SIANG","x12232"
"ARUNACHAL PRADESH","12","LONGDING","666","ARUNACHAL PRADESH, LONGDING","ARUNACHAL PRADESH, LONGDING","x12666"
"TAMIL NADU","33","ARIYALUR","610","TAMIL NADU, ARIYALUR","TAMIL NADU, ARIYALUR","x33610"
"TAMIL NADU","33","CHENGALPATTU","730","TAMIL NADU, CHENGALPATTU","TAMIL NADU, CHENGALPATTU","x33730"
"TAMIL NADU","33","CHENNAI","568","TAMIL NADU, CHENNAI","TAMIL NADU, CHENNAI","x33568"
"TAMIL NADU","33","COIMBATORE","569","TAMIL NADU, COIMBATORE","TAMIL NADU, COIMBATORE","x33569"
"TAMIL NADU","33","CUDDALORE","570","TAMIL NADU, CUDDALORE","TAMIL NADU, CUDDALORE","x33570"
"TAMIL NADU","33","DHARMAPURI","571","TAMIL NADU, DHARMAPURI","TAMIL NADU, DHARMAPURI","x33571"
"TAMIL NADU","33","DINDIGUL","572","TAMIL NADU, DINDIGUL","TAMIL NADU, DINDIGUL","x33572"
"TAMIL NADU","33","ERODE","573","TAMIL NADU, ERODE","TAMIL NADU, ERODE","x33573"
"TAMIL NADU","33","KANCHIPURAM","574","TAMIL NADU, KANCHIPURAM","TAMIL NADU, KANCHIPURAM","x33574"
"TAMIL NADU","33","KALLAKKURICHI","729","TAMIL NADU, KALLAKKURICHI","TAMIL NADU, KALLAKKURICHI","x33729"
"TAMIL NADU","33","KANYAKUMARI","575","TAMIL NADU, KANYAKUMARI","TAMIL NADU, KANYAKUMARI","x33575"
"TAMIL NADU","33","KARUR","576","TAMIL NADU, KARUR","TAMIL NADU, KARUR","x33576"
"TAMIL NADU","33","MADURAI","578","TAMIL NADU, MADURAI","TAMIL NADU, MADURAI","x33578"
"TAMIL NADU","33","NILGIRIS","587","TAMIL NADU, NILGIRIS","TAMIL NADU, NILGIRIS","x33587"
"TAMIL NADU","33","NAGAPATTINAM","579","TAMIL NADU, NAGAPATTINAM","TAMIL NADU, NAGAPATTINAM","x33579"
"TAMIL NADU","33","NAMAKKAL","580","TAMIL NADU, NAMAKKAL","TAMIL NADU, NAMAKKAL","x33580"
"TAMIL NADU","33","PERAMBALUR","581","TAMIL NADU, PERAMBALUR","TAMIL NADU, PERAMBALUR","x33581"
"TAMIL NADU","33","PUDUKKOTTAI","582","TAMIL NADU, PUDUKKOTTAI","TAMIL NADU, PUDUKKOTTAI","x33582"
"TAMIL NADU","33","RAMANATHAPURAM","583","TAMIL NADU, RAMANATHAPURAM","TAMIL NADU, RAMANATHAPURAM","x33583"
"TAMIL NADU","33","RANIPPETTAI","731","TAMIL NADU, RANIPPETTAI","TAMIL NADU, RANIPPETTAI","x33731"
"TAMIL NADU","33","SALEM","584","TAMIL NADU, SALEM","TAMIL NADU, SALEM","x33584"
"TAMIL NADU","33","SIVAGANGA","585","TAMIL NADU, SIVAGANGA","TAMIL NADU, SIVAGANGA","x33585"
"TAMIL NADU","33","TENI","588","TAMIL NADU, TENI","TAMIL NADU, TENI","x33588"
"TAMIL NADU","33","TENKASI","733","TAMIL NADU, TENKASI","TAMIL NADU, TENKASI","x33733"
"TAMIL NADU","33","THANJAVUR","586","TAMIL NADU, THANJAVUR","TAMIL NADU, THANJAVUR","x33586"
"TAMIL NADU","33","THIRUVARUR","590","TAMIL NADU, THIRUVARUR","TAMIL NADU, THIRUVARUR","x33590"
"TAMIL NADU","33","TIRUCHIRAPALLI","591","TAMIL NADU, TIRUCHIRAPALLI","TAMIL NADU, TIRUCHIRAPALLI","x33591"
"TAMIL NADU","33","TIRUNELVELI","592","TAMIL NADU, TIRUNELVELI","TAMIL NADU, TIRUNELVELI","x33592"
"TAMIL NADU","33","TIRUPPUR","634","TAMIL NADU, TIRUPPUR","TAMIL NADU, TIRUPPUR","x33634"
"TAMIL NADU","33","TIRUPPATTUR","732","TAMIL NADU, TIRUPPATTUR","TAMIL NADU, TIRUPPATTUR","x33732"
"TAMIL NADU","33","TIRUVALLUR","589","TAMIL NADU, TIRUVALLUR","TAMIL NADU, TIRUVALLUR","x33589"
"TAMIL NADU","33","TIRUVANNAMALAI","593","TAMIL NADU, TIRUVANNAMALAI","TAMIL NADU, TIRUVANNAMALAI","x33593"
"TAMIL NADU","33","TUTICORIN","594","TAMIL NADU, TUTICORIN","TAMIL NADU, TUTICORIN","x33594"
"TAMIL NADU","33","VELLORE","595","TAMIL NADU, VELLORE","TAMIL NADU, VELLORE","x33595"
"TAMIL NADU","33","VILLUPURAM","596","TAMIL NADU, VILLUPURAM","TAMIL NADU, VILLUPURAM","x33596"
"TAMIL NADU","33","VIRUDHUNAGAR","597","TAMIL NADU, VIRUDHUNAGAR","TAMIL NADU, VIRUDHUNAGAR","x33597"
"TAMIL NADU","33","KRISHNAGIRI","577","TAMIL NADU, KRISHNAGIRI","TAMIL NADU, KRISHNAGIRI","x33577"
"DADRA & NAGAR HAVELI & DAMAN & DIU","38","DADRA & NAGAR HAVELI","465","DADRA & NAGAR HAVELI & DAMAN & DIU, DADRA & NAGAR HAVELI","DADRA & NAGAR HAVELI & DAMAN & DIU, DADRA & NAGAR HAVELI","x38465"
"ASSAM","18","BAKSA","616","ASSAM, BAKSA","ASSAM, BAKSA","x18616"
"ASSAM","18","BARPETA","280","ASSAM, BARPETA","ASSAM, BARPETA","x18280"
"ASSAM","18","BISWANATH","705","ASSAM, BISWANATH","ASSAM, BISWANATH","x18705"
"ASSAM","18","BONGAIGAON","281","ASSAM, BONGAIGAON","ASSAM, BONGAIGAON","x18281"
"ASSAM","18","CACHAR","282","ASSAM, CACHAR","ASSAM, CACHAR","x18282"
"ASSAM","18","CHARAIDEO","708","ASSAM, CHARAIDEO","ASSAM, CHARAIDEO","x18708"
"ASSAM","18","CHIRANG","612","ASSAM, CHIRANG","ASSAM, CHIRANG","x18612"
"ASSAM","18","DARRANG","283","ASSAM, DARRANG","ASSAM, DARRANG","x18283"
"ASSAM","18","DHEMAJI","284","ASSAM, DHEMAJI","ASSAM, DHEMAJI","x18284"
"ASSAM","18","DHUBRI","285","ASSAM, DHUBRI","ASSAM, DHUBRI","x18285"
"ASSAM","18","DIBRUGARH","286","ASSAM, DIBRUGARH","ASSAM, DIBRUGARH","x18286"
"ASSAM","18","DIMA HASAO","299","ASSAM, DIMA HASAO","ASSAM, DIMA HASAO","x18299"
"ASSAM","18","GOALPARA","287","ASSAM, GOALPARA","ASSAM, GOALPARA","x18287"
"ASSAM","18","GOLAGHAT","288","ASSAM, GOLAGHAT","ASSAM, GOLAGHAT","x18288"
"ASSAM","18","HAILAKANDI","289","ASSAM, HAILAKANDI","ASSAM, HAILAKANDI","x18289"
"ASSAM","18","HOJAI","709","ASSAM, HOJAI","ASSAM, HOJAI","x18709"
"ASSAM","18","JORHAT","290","ASSAM, JORHAT","ASSAM, JORHAT","x18290"
"ASSAM","18","KAMRUP METRO","618","ASSAM, KAMRUP METRO","ASSAM, KAMRUP METRO","x18618"
"ASSAM","18","KAMRUP RURAL","291","ASSAM, KAMRUP RURAL","ASSAM, KAMRUP RURAL","x18291"
"ASSAM","18","KARBI ANGLONG","292","ASSAM, KARBI ANGLONG","ASSAM, KARBI ANGLONG","x18292"
"ASSAM","18","KARIMGANJ","293","ASSAM, KARIMGANJ","ASSAM, KARIMGANJ","x18293"
"ASSAM","18","KOKRAJHAR","294","ASSAM, KOKRAJHAR","ASSAM, KOKRAJHAR","x18294"
"ASSAM","18","LAKHIMPUR","295","ASSAM, LAKHIMPUR","ASSAM, LAKHIMPUR","x18295"
"ASSAM","18","MAJULI","706","ASSAM, MAJULI","ASSAM, MAJULI","x18706"
"ASSAM","18","MARIGAON","296","ASSAM, MARIGAON","ASSAM, MARIGAON","x18296"
"ASSAM","18","NAGAON","297","ASSAM, NAGAON","ASSAM, NAGAON","x18297"
"ASSAM","18","NALBARI","298","ASSAM, NALBARI","ASSAM, NALBARI","x18298"
"ASSAM","18","SIBSAGAR","300","ASSAM, SIBSAGAR","ASSAM, SIBSAGAR","x18300"
"ASSAM","18","SONITPUR","301","ASSAM, SONITPUR","ASSAM, SONITPUR","x18301"
"ASSAM","18","SOUTH SALMARA MANCACHAR","707","ASSAM, SOUTH SALMARA MANCACHAR","ASSAM, SOUTH SALMARA MANCACHAR","x18707"
"ASSAM","18","TINSUKIA","302","ASSAM, TINSUKIA","ASSAM, TINSUKIA","x18302"
"ASSAM","18","UDALGURI","617","ASSAM, UDALGURI","ASSAM, UDALGURI","x18617"
"ASSAM","18","WEST KARBI ANGLONG","710","ASSAM, WEST KARBI ANGLONG","ASSAM, WEST KARBI ANGLONG","x18710"
